discipline,research_topic,value_pounds_Non_Welsh,value_pounds_Welsh,number_of_projects_Non_Welsh,number_of_projects_Welsh,number_of_projects_Welsh_proportion
Arts and Humanities,african_south_africa_indian_ship,1257167.0,0.0,13.0,0.0,0.0
Arts and Humanities,architectural_architecture_building_architect_research,9107666.0,0.0,45.0,0.0,0.0
Arts and Humanities,archive_wale_history_record_welsh,25419677.0,3612160.0,56.0,23.0,0.2911392405063291
Arts and Humanities,art_italy_aesthetic_work_project,9437787.0,799989.0,75.0,2.0,0.025974025974025976
Arts and Humanities,art_live_artwork_research_image,3484979.0,88996.0,32.0,4.0,0.1111111111111111
Arts and Humanities,art_museum_exhibition_city_project,49523886.0,294837.0,235.0,7.0,0.028925619834710745
Arts and Humanities,artist_visual_art_research_image,19973782.0,18636.0,121.0,2.0,0.016260162601626018
Arts and Humanities,ceramic_evolutionary_evolution_interpretation_sex,1423958.0,0.0,18.0,0.0,0.0
Arts and Humanities,child_young_study_research_archaeological,4760311.0,563547.0,39.0,4.0,0.09302325581395349
Arts and Humanities,china_chinese_global_british_world,2973901.0,32786.0,32.0,1.0,0.030303030303030304
Arts and Humanities,christian_theology_tibetan_christianity_tradition,1221418.0,0.0,9.0,0.0,0.0
Arts and Humanities,church_gothic_parish_epic_worship,1705384.0,1552646.0,21.0,5.0,0.19230769230769232
Arts and Humanities,community_co_project_local_bristol,7928004.0,31945.0,46.0,1.0,0.02127659574468085
Arts and Humanities,concept_latin_birmingham_psychology_tradition,1090302.0,0.0,9.0,0.0,0.0
Arts and Humanities,concrete_wittgenstein_traveller_concept_text,234784.0,0.0,8.0,0.0,0.0
Arts and Humanities,cult_communist_durham_leader_stalin,180046.0,0.0,3.0,0.0,0.0
Arts and Humanities,cultural_culture_study_national_contemporary,51954369.0,1420739.0,209.0,8.0,0.03686635944700461
Arts and Humanities,dance_metaphor_norman_anglo_project,1448358.0,873669.0,17.0,1.0,0.05555555555555555
Arts and Humanities,data_research_project_digital_social,51798613.0,22810780.0,264.0,40.0,0.13157894736842105
Arts and Humanities,death_fashion_dead_funeral_festival,184492.0,0.0,9.0,0.0,0.0
Arts and Humanities,design_product_project_process_textile,221453004.0,23079000.0,114.0,12.0,0.09523809523809523
Arts and Humanities,design_research_designer_practice_creative,47986275.0,440473.0,217.0,15.0,0.06465517241379311
Arts and Humanities,dialect_woman_english_sexuality_scott,1898439.0,0.0,16.0,0.0,0.0
Arts and Humanities,digital_technology_game_new_interactive,7081115.0,3512816.0,57.0,11.0,0.16176470588235295
Arts and Humanities,diversity_conservation_high_biological_global,81330.0,0.0,2.0,0.0,0.0
Arts and Humanities,egyptian_egypt_mathematics_jazz_mathematical,991282.0,0.0,9.0,0.0,0.0
Arts and Humanities,family_empire_imperial_father_ottoman,494476.0,215530.0,8.0,5.0,0.38461538461538464
Arts and Humanities,"film_cinema_Film History, T & C_study_cinematic",8758985.0,0.0,46.0,0.0,0.0
Arts and Humanities,french_france_de_French Studies_work,4822142.0,132497.0,41.0,1.0,0.023809523809523808
Arts and Humanities,gaelic_red_mozart_newton_sublime,405705.0,0.0,5.0,0.0,0.0
Arts and Humanities,german_chapter_holocaust_theatre_shakespeare,2211852.0,85475.0,36.0,3.0,0.07692307692307693
Arts and Humanities,greek_ancient_classical_early_Classics,8629417.0,280371.0,66.0,2.0,0.029411764705882353
Arts and Humanities,growth_house_road_cape_height,97008.0,0.0,2.0,0.0,0.0
Arts and Humanities,heritage_museum_collection_object_history,29300447.0,830728.0,193.0,10.0,0.04926108374384237
Arts and Humanities,human_time_god_equality_christ,1763812.0,0.0,20.0,0.0,0.0
Arts and Humanities,identity_social_community_cultural_life,35808266.0,436888.0,253.0,12.0,0.045283018867924525
Arts and Humanities,irish_ireland_northern_belfast_conflict,18888.0,0.0,1.0,0.0,0.0
Arts and Humanities,japanese_name_colour_japan_ink,3071414.0,0.0,4.0,0.0,0.0
Arts and Humanities,jewish_jew_comic_hebrew_dickens,1883363.0,152396.0,16.0,2.0,0.1111111111111111
Arts and Humanities,king_royal_henry_charter_william,803021.0,14013.0,4.0,1.0,0.2
Arts and Humanities,knowledge_question_belief_one_evidence,7756700.0,0.0,40.0,0.0,0.0
Arts and Humanities,labour_worker_party_class_working,303783.0,0.0,8.0,0.0,0.0
Arts and Humanities,landscape_site_island_project_settlement,7439407.0,153510.0,60.0,8.0,0.11764705882352941
Arts and Humanities,language_linguistic_word_english_corpus,50170947.0,8785760.0,93.0,11.0,0.10576923076923077
Arts and Humanities,letter_correspondence_mary_life_collection,1818422.0,41760.0,9.0,2.0,0.18181818181818182
Arts and Humanities,life_memory_testimony_individual_everyday,3655184.0,0.0,21.0,0.0,0.0
Arts and Humanities,literary_literature_book_writing_writer,8919352.0,3074970.0,107.0,18.0,0.144
Arts and Humanities,manuscript_medieval_text_latin_catholic,9220328.0,1972649.0,48.0,5.0,0.09433962264150944
Arts and Humanities,medium_television_industry_production_bbc,4210350.0,247642.0,27.0,5.0,0.15625
Arts and Humanities,mental_mind_state_rock_experience,468502.0,32498.0,6.0,2.0,0.25
Arts and Humanities,music_musical_performance_musician_composer,25212619.0,1604005.0,152.0,8.0,0.05
Arts and Humanities,muslim_islamic_islam_tradition_newspaper,1963570.0,540762.0,19.0,2.0,0.09523809523809523
Arts and Humanities,natural_study_new_century_nature,4451511.0,157798.0,42.0,2.0,0.045454545454545456
Arts and Humanities,network_research_academic_art_creative,50434031.0,576931.0,442.0,18.0,0.0391304347826087
Arts and Humanities,painting_art_image_wall_amp,5296120.0,0.0,30.0,0.0,0.0
Arts and Humanities,performance_theatre_practice_project_research,25382132.0,864409.0,153.0,10.0,0.06134969325153374
Arts and Humanities,philosophy_theory_philosophical_thought_idea,7439215.0,150079.0,107.0,3.0,0.02727272727272727
Arts and Humanities,pilgrimage_sacred_cathedral_site_pilgrim,7340281.0,0.0,12.0,0.0,0.0
Arts and Humanities,policy_research_science_public_practice,164343726.0,31408152.0,315.0,34.0,0.09742120343839542
Arts and Humanities,political_state_period_policy_project,19282555.0,164090.0,154.0,5.0,0.031446540880503145
Arts and Humanities,prison_soldier_prisoner_australia_war,3101840.0,10510.0,14.0,1.0,0.06666666666666667
Arts and Humanities,project_art_quot_cultural_research,9370601.0,0.0,54.0,0.0,0.0
Arts and Humanities,project_medium_experience_new_social,59031807.0,31141782.0,207.0,39.0,0.15853658536585366
Arts and Humanities,quot_material_archaeological_object_site,31836746.0,4259029.0,130.0,16.0,0.1095890410958904
Arts and Humanities,radio_professor_research_dr_quot,6820286.0,34875.0,19.0,1.0,0.05
Arts and Humanities,religious_religion_india_indian_faith,15862780.0,506466.0,77.0,4.0,0.04938271604938271
Arts and Humanities,research_material_work_enclosure_fellowship,3435440.0,24628.0,20.0,1.0,0.047619047619047616
Arts and Humanities,ritual_bronze_temple_cornwall_age,0.0,505749.0,0.0,1.0,1.0
Arts and Humanities,roman_law_legal_period_empire,2260906.0,35339.0,21.0,1.0,0.045454545454545456
Arts and Humanities,running_victim_violence_abuse_enquiry,391146.0,0.0,2.0,0.0,0.0
Arts and Humanities,russian_slavery_slave_soviet_russia,9322094.0,25272.0,20.0,1.0,0.047619047619047616
Arts and Humanities,school_learning_teacher_education_craft,1990912.0,0.0,24.0,0.0,0.0
Arts and Humanities,science_change_environmental_scientific_climate,1411233.0,24601.0,9.0,1.0,0.1
Arts and Humanities,score_vocal_music_voice_dress,2230921.0,0.0,19.0,0.0,0.0
Arts and Humanities,scotland_scottish_opera_edinburgh_scot,2006457.0,0.0,5.0,0.0,0.0
Arts and Humanities,society_animal_social_right_freedom,1014212.0,0.0,19.0,0.0,0.0
Arts and Humanities,sound_speech_system_speaker_sonic,926477.0,0.0,8.0,0.0,0.0
Arts and Humanities,spanish_spain_history_refugee_exile,744248.0,0.0,16.0,0.0,0.0
Arts and Humanities,sport_ngo_foreign_diplomatic_diplomacy,1354372.0,0.0,12.0,0.0,0.0
Arts and Humanities,story_medical_body_training_medicine,502970.0,0.0,2.0,0.0,0.0
Arts and Humanities,student_university_education_dictionary_english,5059321.0,1107242.0,24.0,2.0,0.07692307692307693
Arts and Humanities,subjectivity_sensation_trial_k_quot,48980.0,0.0,1.0,0.0,0.0
Arts and Humanities,system_one_example_problem_also,6081812.0,0.0,35.0,0.0,0.0
Arts and Humanities,tale_antique_animated_diachronic_jewish,25823.0,0.0,1.0,0.0,0.0
Arts and Humanities,theory_truth_emotion_one_meaning,9246220.0,0.0,55.0,0.0,0.0
Arts and Humanities,translation_library_print_journal_material,29649513.0,459361.0,84.0,9.0,0.0967741935483871
Arts and Humanities,travel_new_modernist_ethic_debate,1276436.0,0.0,17.0,0.0,0.0
Arts and Humanities,user_research_older_may_solution,25901824.0,0.0,66.0,0.0,0.0
Arts and Humanities,value_cultural_genre_culture_amateur,1577178.0,1891235.0,18.0,5.0,0.21739130434782608
Arts and Humanities,video_dvd_audio_work_space,361886.0,30516.0,7.0,1.0,0.125
Arts and Humanities,volume_sermon_published_editorial_edition,2616846.0,0.0,18.0,0.0,0.0
Arts and Humanities,war_british_civil_military_political,9448963.0,182919.0,84.0,5.0,0.056179775280898875
Arts and Humanities,welfare_norwich_coin_financial_poor,614656.0,0.0,6.0,0.0,0.0
Arts and Humanities,woman_century_men_early_period,7355932.0,794957.0,73.0,6.0,0.0759493670886076
Arts and Humanities,woman_research_project_gender_amp,6064783.0,423032.0,73.0,4.0,0.05194805194805195
Arts and Humanities,work_crime_electronic_music_criminal,4080403.0,0.0,23.0,0.0,0.0
Engineering and Technology,aircraft_flight_wing_corrosion_artery,31395606.0,11161459.0,45.0,11.0,0.19642857142857142
Engineering and Technology,atom_matter_atomic_force_trap,31112531.0,5982555.0,36.0,9.0,0.2
Engineering and Technology,building_design_data_designer_new,24734755.0,127785.0,114.0,1.0,0.008695652173913044
Engineering and Technology,cell_fuel_brain_membrane_eeg,52235288.0,106381.0,80.0,1.0,0.012345679012345678
Engineering and Technology,cell_graphene_tissue_bone_stem,76059098.0,3295981.0,177.0,9.0,0.04838709677419355
Engineering and Technology,china_uk_ship_shipping_chinese,4757491.0,68192.0,23.0,7.0,0.23333333333333334
Engineering and Technology,control_system_pressure_design_force,2625724225.0,5900956.0,301.0,9.0,0.02903225806451613
Engineering and Technology,crystal_ice_exciton_polariton_high,29761096.0,111677.0,23.0,1.0,0.041666666666666664
Engineering and Technology,data_network_communication_signal_optical,150862916.0,1666627.0,95.0,4.0,0.04040404040404041
Engineering and Technology,device_light_semiconductor_silicon_optical,115275220.0,423454755.0,189.0,69.0,0.26744186046511625
Engineering and Technology,device_material_electric_film_field,89871561.0,5336830.0,160.0,15.0,0.08571428571428572
Engineering and Technology,disease_drug_cancer_blood_patient,206374033.0,11419782.0,255.0,18.0,0.06593406593406594
Engineering and Technology,drug_chiral_pharmaceutical_research_discovery,31501577.0,118672.0,70.0,2.0,0.027777777777777776
Engineering and Technology,dynamic_theory_ir_field_electron,8746158.0,0.0,18.0,0.0,0.0
Engineering and Technology,energy_power_system_electricity_generation,930196202.0,162684195.0,588.0,88.0,0.1301775147928994
Engineering and Technology,engine_combustion_fuel_emission_gas,51464947.0,0.0,122.0,0.0,0.0
Engineering and Technology,environment_energy_fabric_cleaning_human,263353109.0,0.0,104.0,0.0,0.0
Engineering and Technology,exhaust_filter_particulate_system_diagnostics,5986830.0,0.0,26.0,0.0,0.0
Engineering and Technology,f_pet_mg_method_l,1529987.0,1167200.0,8.0,4.0,0.3333333333333333
Engineering and Technology,flow_scale_turbulence_fluid_simulation,42559744.0,4936.0,90.0,1.0,0.01098901098901099
Engineering and Technology,fluid_effect_flow_jet_measurement,106236462.0,203284.0,149.0,2.0,0.013245033112582781
Engineering and Technology,frequency_laser_wavelength_application_high,65532756.0,733364.0,158.0,3.0,0.018633540372670808
Engineering and Technology,fuel_energy_co2_production_carbon,326781758.0,125173320.0,395.0,83.0,0.17364016736401675
Engineering and Technology,gel_wound_healing_sample_mixing,25406023.0,3144969.0,48.0,5.0,0.09433962264150944
Engineering and Technology,heat_thermal_fire_temperature_energy,150881807.0,7459926.0,280.0,52.0,0.1566265060240964
Engineering and Technology,imaging_image_resolution_technique_thz,259688170.0,2882871.0,357.0,9.0,0.02459016393442623
Engineering and Technology,injury_spring_tendon_japan_age,2222821.0,0.0,11.0,0.0,0.0
Engineering and Technology,ion_electron_radiation_energy_diamond,52458007.0,3446236.0,61.0,8.0,0.11594202898550725
Engineering and Technology,item_stfc_photon_parent_precipitation,2508370.0,0.0,6.0,0.0,0.0
Engineering and Technology,laser_optical_fibre_light_optic,217432097.0,1912661.0,117.0,7.0,0.056451612903225805
Engineering and Technology,laser_pulse_light_ray_source,76643057.0,0.0,128.0,0.0,0.0
Engineering and Technology,layer_electron_electrical_energy_structure,10081309.0,0.0,31.0,0.0,0.0
Engineering and Technology,light_led_nitride_lighting_gan,30135965.0,2726884.0,54.0,6.0,0.1
Engineering and Technology,lipid_pathway_project_impact_resistance,11073252.0,343364.0,43.0,1.0,0.022727272727272728
Engineering and Technology,liquid_surface_phase_gas_solid,128506585.0,310740.0,202.0,3.0,0.014634146341463415
Engineering and Technology,machine_control_project_month_feedback,79689456.0,619713750.0,45.0,85.0,0.6538461538461539
Engineering and Technology,magnetic_domain_wall_device_torque,15384987.0,572577.0,34.0,2.0,0.05555555555555555
Engineering and Technology,magnetic_field_nmr_resonance_electron,64765363.0,770894.0,154.0,11.0,0.06666666666666667
Engineering and Technology,make_way_one_also_like,237071535.0,4750186.0,162.0,13.0,0.07428571428571429
Engineering and Technology,material_alloy_high_temperature_coating,336204905.0,152036483.0,365.0,72.0,0.16475972540045766
Engineering and Technology,material_composite_fibre_structure_Materials Processing,185049709.0,157551523.0,215.0,88.0,0.29042904290429045
Engineering and Technology,material_grain_strain_deformation_fracture,20836096.0,318565.0,44.0,2.0,0.043478260869565216
Engineering and Technology,material_new_many_development_simulation,5313368.0,0.0,38.0,0.0,0.0
Engineering and Technology,material_polymer_property_application_structure,431083705.0,56099053.0,427.0,30.0,0.06564551422319474
Engineering and Technology,material_property_temperature_new_state,199015800.0,32404661.0,370.0,16.0,0.04145077720207254
Engineering and Technology,material_technology_channel_sodium_device,11899993.0,0.0,15.0,0.0,0.0
Engineering and Technology,membrane_te_mineral_separation_se,4007515.0,7011336.0,11.0,9.0,0.45
Engineering and Technology,metal_complex_cluster_bond_ligand,138134963.0,0.0,102.0,0.0,0.0
Engineering and Technology,method_simulation_problem_application_system,303729093.0,7301955.0,399.0,33.0,0.0763888888888889
Engineering and Technology,model_data_risk_uncertainty_site,1224474661.0,104015485.0,590.0,36.0,0.05750798722044728
Engineering and Technology,model_data_test_study_project,271913649.0,6512274.0,360.0,25.0,0.06493506493506493
Engineering and Technology,molecule_biological_new_molecular_structure,457587792.0,10050835.0,501.0,24.0,0.045714285714285714
Engineering and Technology,motion_lung_nanocomposites_scientific_facility,8618179.0,3193280.0,5.0,1.0,0.16666666666666666
Engineering and Technology,n_wire_chain_molecule_metal,2519091.0,326998.0,10.0,1.0,0.09090909090909091
Engineering and Technology,nano_self_assembly_nanoscale_Materials Processing,2688021.0,212353.0,13.0,4.0,0.23529411764705882
Engineering and Technology,network_energy_smart_project_system,41052406.0,498660.0,100.0,5.0,0.047619047619047616
Engineering and Technology,nuclear_waste_noise_sound_acoustic,258719654.0,0.0,182.0,0.0,0.0
Engineering and Technology,oil_reservoir_fuel_uk_supply,8992841.0,5141938.0,43.0,5.0,0.10416666666666667
Engineering and Technology,organic_film_material_device_display,103623430.0,17069876.0,200.0,31.0,0.1341991341991342
Engineering and Technology,particle_property_size_powder_mechanical,34750166.0,207739.0,101.0,2.0,0.019417475728155338
Engineering and Technology,patient_clinical_treatment_imaging_ultrasound,717544325.0,3520971.0,254.0,11.0,0.04150943396226415
Engineering and Technology,people_host_guest_older_distortion,35933229.0,0.0,57.0,0.0,0.0
Engineering and Technology,plasma_fusion_cement_high_gamma,270159025.0,5065857.0,69.0,9.0,0.11538461538461539
Engineering and Technology,process_surfactant_path_innovation_product,2048141.0,0.0,9.0,0.0,0.0
Engineering and Technology,program_sport_airport_air_exercise,6887711.0,0.0,21.0,0.0,0.0
Engineering and Technology,protein_peptide_acid_binding_beta,20761723.0,342364.0,96.0,1.0,0.010309278350515464
Engineering and Technology,quantum_system_state_information_classical,209245038.0,3281600.0,276.0,9.0,0.031578947368421054
Engineering and Technology,quot_bacteria_infection_bacterial_use,435511484.0,131150634.0,181.0,24.0,0.11707317073170732
Engineering and Technology,reaction_catalyst_chemical_synthesis_new,195334847.0,18422676.0,522.0,68.0,0.1152542372881356
Engineering and Technology,reaction_specie_chemical_energy_radical,21174148.0,296299.0,42.0,1.0,0.023255813953488372
Engineering and Technology,reactor_graphite_nuclear_component_neutron,16348231.0,0.0,38.0,0.0,0.0
Engineering and Technology,research_material_pipe_nuclear_high,292368924.0,102474540.0,128.0,150.0,0.539568345323741
Engineering and Technology,research_new_facility_instrument_equipment,1252184074.0,35922097.0,495.0,38.0,0.07129455909943715
Engineering and Technology,safety_driver_road_many_risk,36137081.0,0.0,73.0,0.0,0.0
Engineering and Technology,sensor_monitoring_detection_sensing_measurement,27115923.0,5900506.0,81.0,14.0,0.14736842105263157
Engineering and Technology,solar_cell_efficiency_energy_cost,119926414.0,202251167.0,161.0,70.0,0.30303030303030304
Engineering and Technology,spin_device_electron_magnetic_current,28173867.0,845862.0,74.0,5.0,0.06329113924050633
Engineering and Technology,stone_calcium_iron_bed_salt,4048876.0,0.0,21.0,0.0,0.0
Engineering and Technology,storage_hydrogen_energy_battery_electrode,146454840.0,47500128.0,110.0,19.0,0.14728682170542637
Engineering and Technology,structure_crack_structural_loading_material,92519260.0,22127689.0,302.0,20.0,0.062111801242236024
Engineering and Technology,structure_vibration_np_human_dynamic,7612713.0,0.0,28.0,0.0,0.0
Engineering and Technology,surface_coil_micro_inkjet_thickness,5256772.0,45722415.0,13.0,11.0,0.4583333333333333
Engineering and Technology,surface_molecule_structure_molecular_study,83346608.0,60224125.0,165.0,34.0,0.1708542713567839
Engineering and Technology,surface_use_used_small_material,109010450.0,42151502.0,209.0,22.0,0.09523809523809523
Engineering and Technology,system_food_brain_time_project,38417925.0,466294.0,75.0,7.0,0.08536585365853659
Engineering and Technology,technology_device_system_application_electronics,448866945.0,1096517472.0,250.0,265.0,0.5145631067961165
Engineering and Technology,technology_new_photonic_application_metamaterials,77492518.0,289784.0,67.0,2.0,0.028985507246376812
Engineering and Technology,tissue_cancer_diagnosis_skin_disease,51965597.0,17289903.0,113.0,39.0,0.2565789473684211
Engineering and Technology,track_railway_train_tunnel_rail,117784024.0,3735303.0,47.0,3.0,0.06
Engineering and Technology,traffic_bubble_needle_cavitation_lane,9595609.0,0.0,40.0,0.0,0.0
Engineering and Technology,transport_carbon_dioxide_climate_change,35013921.0,889542.0,45.0,6.0,0.11764705882352941
Engineering and Technology,urban_soil_city_climate_area,51045500.0,30719446.0,216.0,31.0,0.12550607287449392
Engineering and Technology,user_home_energy_people_care,24657890.0,14662900.0,42.0,7.0,0.14285714285714285
Engineering and Technology,vehicle_air_hybrid_electric_pressure,241563343.0,443871.0,117.0,3.0,0.025
Engineering and Technology,vortex_implant_super_joint_wear,11111832.0,0.0,48.0,0.0,0.0
Engineering and Technology,water_risk_system_project_flood,140705069.0,1270167.0,273.0,9.0,0.031914893617021274
Engineering and Technology,wave_structure_model_numerical_interaction,56249736.0,25931182.0,167.0,61.0,0.2675438596491228
Environmental Sciences,aerosol_model_burning_permafrost_climate,12798206.0,0.0,34.0,0.0,0.0
Environmental Sciences,aerosol_particle_cloud_atmosphere_organic,26321559.0,2927347.0,114.0,5.0,0.04201680672268908
Environmental Sciences,air_pollution_health_pollutant_quality,22293161.0,0.0,81.0,0.0,0.0
Environmental Sciences,amp_et_drought_edna_al,7403697.0,4938287.0,46.0,15.0,0.2459016393442623
Environmental Sciences,arctic_sea_ice_snow_polar,9045501.0,0.0,43.0,0.0,0.0
Environmental Sciences,ash_deposit_rock_material_age,11925198.0,3928113.0,90.0,10.0,0.1
Environmental Sciences,bacteria_resistance_host_dm_bacterial,11077325.0,435328.0,36.0,5.0,0.12195121951219512
Environmental Sciences,ca_mg_glider_acoustic_vehicle,1906028.0,456966.0,10.0,6.0,0.375
Environmental Sciences,carbon_forest_peat_peatlands_ecosystem,5943291.0,1271812.0,27.0,3.0,0.1
Environmental Sciences,carbon_shelf_sea_ocean_nutrient,19807320.0,66588.0,37.0,1.0,0.02631578947368421
Environmental Sciences,ch4_soil_emission_wetland_measurement,5470044.0,78277.0,28.0,1.0,0.034482758620689655
Environmental Sciences,climate_change_future_carbon_Climate & Climate Change,38234617.0,1666599.0,166.0,9.0,0.05142857142857143
Environmental Sciences,climate_change_impact_delta_ecosystem,7311847.0,0.0,32.0,0.0,0.0
Environmental Sciences,climate_change_quot_h_event,5181725.0,0.0,15.0,0.0,0.0
Environmental Sciences,climate_decision_urban_water_drought,25255341.0,25743271.0,120.0,32.0,0.21052631578947367
Environmental Sciences,climate_use_energy_land_catchment,20978221.0,671245.0,55.0,7.0,0.11290322580645161
Environmental Sciences,climate_west_change_model_pine,14481692.0,0.0,48.0,0.0,0.0
Environmental Sciences,cloud_wave_measurement_surface_weather,42057596.0,490258.0,145.0,2.0,0.013605442176870748
Environmental Sciences,co2_gas_bubble_storage_reservoir,17456052.0,0.0,45.0,0.0,0.0
Environmental Sciences,coastal_system_model_nm_new,8615490.0,674497.0,36.0,4.0,0.1
Environmental Sciences,cobalt_research_supply_natural_deposit,4415952.0,604063.0,20.0,4.0,0.16666666666666666
Environmental Sciences,collection_museum_espa_pollinator_south,195109.0,0.0,5.0,0.0,0.0
Environmental Sciences,coral_reef_scale_wind_model,4953366.0,0.0,26.0,0.0,0.0
Environmental Sciences,data_measurement_emission_observation_scale,27766283.0,709153.0,78.0,6.0,0.07142857142857142
Environmental Sciences,database_programme_data_communication_activity,2012785.0,0.0,12.0,0.0,0.0
Environmental Sciences,disease_pathogen_infection_host_virus,16328857.0,706228.0,47.0,4.0,0.0784313725490196
Environmental Sciences,dna_time_level_study_possible,6642283.0,0.0,38.0,0.0,0.0
Environmental Sciences,drought_water_forecast_forecasting_impact,7326272.0,1621080.0,18.0,5.0,0.21739130434782608
Environmental Sciences,dust_model_monsoon_climate_process,16452728.0,0.0,39.0,0.0,0.0
Environmental Sciences,earth_mantle_composition_core_element,42160748.0,2357903.0,160.0,12.0,0.06976744186046512
Environmental Sciences,earthquake_fault_seismic_plate_rock,19381726.0,0.0,83.0,0.0,0.0
Environmental Sciences,ecosystem_biodiversity_service_landscape_scale,21008745.0,11535222.0,62.0,24.0,0.27906976744186046
Environmental Sciences,ecosystem_service_poverty_agricultural_rural,2115646.0,0.0,14.0,0.0,0.0
Environmental Sciences,eruption_volcano_mountain_ethiopia_rift,11031304.0,0.0,18.0,0.0,0.0
Environmental Sciences,event_storm_flooding_risk_coastal,25449009.0,1610030.0,112.0,23.0,0.17037037037037037
Environmental Sciences,extinction_extinct_event_specie_environmental,2259815.0,0.0,7.0,0.0,0.0
Environmental Sciences,farm_risk_environmental_assessment_crop,19258423.0,0.0,63.0,0.0,0.0
Environmental Sciences,fe_halogen_reactive_marine_membrane,611542.0,0.0,8.0,0.0,0.0
Environmental Sciences,female_male_sex_rate_population,13652356.0,2075408.0,66.0,5.0,0.07042253521126761
Environmental Sciences,field_magnetic_core_earth_geomagnetic,6382122.0,0.0,23.0,0.0,0.0
Environmental Sciences,fire_plume_gravity_eruption_data,11702284.0,563622.0,48.0,2.0,0.04
Environmental Sciences,flood_modelling_hydrological_model_risk,3534210.0,0.0,14.0,0.0,0.0
Environmental Sciences,food_social_project_research_local,98943151.0,2742597.0,301.0,23.0,0.07098765432098765
Environmental Sciences,forest_tree_tropical_amazon_vegetation,20385992.0,692544.0,70.0,8.0,0.10256410256410256
Environmental Sciences,fossil_life_evolution_animal_early,19092960.0,40614.0,61.0,1.0,0.016129032258064516
Environmental Sciences,gas_oil_energy_uk_cc,58182181.0,16348462.0,109.0,42.0,0.2781456953642384
Environmental Sciences,gene_genome_specie_different_sequence,19209455.0,1203656.0,67.0,4.0,0.056338028169014086
Environmental Sciences,green_gi_inner_redox_growth,1606733.0,0.0,21.0,0.0,0.0
Environmental Sciences,groundwater_water_ocean_resource_well,6379837.0,28616640.0,33.0,13.0,0.2826086956521739
Environmental Sciences,health_environment_particle_chemical_effect,30962711.0,199913.0,115.0,2.0,0.017094017094017096
Environmental Sciences,human_archaeological_europe_Archaeology_one,19142981.0,912446.0,61.0,5.0,0.07575757575757576
Environmental Sciences,ice_age_sheet_dating_radiocarbon,3675341.0,11281966.0,26.0,25.0,0.49019607843137253
Environmental Sciences,ice_sheet_sea_glacier_level,60771963.0,5943680.0,186.0,21.0,0.10144927536231885
Environmental Sciences,indian_dry_wet_region_cyclone,2879117.0,0.0,11.0,0.0,0.0
Environmental Sciences,island_climatic_change_wood_data,4010584.0,0.0,21.0,0.0,0.0
Environmental Sciences,level_sea_rise_uk_future,7946677.0,0.0,19.0,0.0,0.0
Environmental Sciences,lifetime_many_model_gas_malaria,5111707.0,0.0,19.0,0.0,0.0
Environmental Sciences,magma_eruption_volatile_volcano_volcanic,9588161.0,98809.0,43.0,1.0,0.022727272727272728
Environmental Sciences,marine_change_ecosystem_sea_uk,7228714.0,176999.0,29.0,2.0,0.06451612903225806
Environmental Sciences,marine_reaction_production_oh_carbonate,25123199.0,4087097.0,95.0,10.0,0.09523809523809523
Environmental Sciences,market_change_global_ecosystem_product,1111709.0,0.0,16.0,0.0,0.0
Environmental Sciences,measurement_atmospheric_term_composition_stream,10749702.0,0.0,41.0,0.0,0.0
Environmental Sciences,metal_waste_e_material_element,30146653.0,28321221.0,76.0,46.0,0.3770491803278688
Environmental Sciences,methane_global_measurement_chemistry_new,15780337.0,0.0,34.0,0.0,0.0
Environmental Sciences,model_climate_prediction_process_simulation,52318009.0,0.0,203.0,0.0,0.0
Environmental Sciences,monitoring_technology_sensor_method_system,27874231.0,9242442.0,154.0,30.0,0.16304347826086957
Environmental Sciences,n_nutrient_carbon_nitrogen_c,17397338.0,15904082.0,49.0,33.0,0.4024390243902439
Environmental Sciences,nuclear_radionuclides_waste_site_mg,6009857.0,0.0,23.0,0.0,0.0
Environmental Sciences,ocean_circulation_atlantic_climate_north,61569011.0,4619550.0,159.0,13.0,0.0755813953488372
Environmental Sciences,ocean_nitrogen_micronutrient_cycle_nutrient,9195924.0,1072780.0,33.0,4.0,0.10810810810810811
Environmental Sciences,ocean_water_earth_carbon_climate,24128029.0,1478263.0,97.0,10.0,0.09345794392523364
Environmental Sciences,ozone_climate_atmosphere_stratospheric_model,7910672.0,0.0,33.0,0.0,0.0
Environmental Sciences,ozone_model_uv_water_production,6423308.0,0.0,27.0,0.0,0.0
Environmental Sciences,parasite_specie_fish_effect_population,7618273.0,1682842.0,34.0,7.0,0.17073170731707318
Environmental Sciences,particle_size_small_image_camera,3066475.0,827907.0,11.0,3.0,0.21428571428571427
Environmental Sciences,phytoplankton_nutrient_lake_ocean_water,22849778.0,5541955.0,98.0,17.0,0.14782608695652175
Environmental Sciences,plant_light_fungi_specie_community,15411700.0,1148078.0,63.0,14.0,0.18181818181818182
Environmental Sciences,population_genetic_selection_individual_variation,43635250.0,2750332.0,144.0,12.0,0.07692307692307693
Environmental Sciences,predator_prey_climate_impact_group,5200986.0,40426.0,24.0,1.0,0.04
Environmental Sciences,project_per_caco3_global_ice,510149.0,376844.0,4.0,2.0,0.3333333333333333
Environmental Sciences,quot_gas_ore_rees_project,426677.0,0.0,12.0,0.0,0.0
Environmental Sciences,record_change_past_climate_sediment,40078008.0,5369769.0,237.0,34.0,0.12546125461254612
Environmental Sciences,ridge_rock_crust_mid_seafloor,2825637.0,231046.0,12.0,2.0,0.14285714285714285
Environmental Sciences,river_grain_fish_damage_effluent,700061.0,0.0,3.0,0.0,0.0
Environmental Sciences,satellite_radar_measurement_earth_measure,4276359.0,84971.0,16.0,1.0,0.058823529411764705
Environmental Sciences,sediment_flow_river_bed_water,26988592.0,5012082.0,131.0,22.0,0.1437908496732026
Environmental Sciences,soil_microbial_respiration_ecosystem_temperature,59226650.0,581568.0,50.0,2.0,0.038461538461538464
Environmental Sciences,soil_water_organic_land_use,40705719.0,1822599.0,127.0,9.0,0.0661764705882353
Environmental Sciences,specie_population_individual_change_habitat,91112017.0,8260505.0,327.0,42.0,0.11382113821138211
Environmental Sciences,subduction_crust_zone_plate_fluid,9262621.0,646406.0,45.0,2.0,0.0425531914893617
Environmental Sciences,system_model_data_wavelength_technique,21260615.0,406289.0,87.0,2.0,0.02247191011235955
Environmental Sciences,teeth_radiation_carbon_lot_deep,9279407.0,0.0,13.0,0.0,0.0
Environmental Sciences,tsunami_landslide_year_slide_uk,6141373.0,0.0,21.0,0.0,0.0
Environmental Sciences,uncertainty_risk_hazard_model_information,10391247.0,0.0,36.0,0.0,0.0
Environmental Sciences,volcanic_hazard_volcano_debris_collapse,11962153.0,448596.0,54.0,2.0,0.03571428571428571
Environmental Sciences,water_failure_groundwater_point_rural,2224404.0,143252.0,11.0,4.0,0.26666666666666666
Environmental Sciences,water_impact_understanding_continuum_co2,6158065.0,0.0,19.0,0.0,0.0
Environmental Sciences,water_organism_organic_environment_also,31905951.0,2046266.0,136.0,6.0,0.04225352112676056
Environmental Sciences,wild_flower_bee_Climate & Climate Change_laser,14545541.0,351031.0,42.0,1.0,0.023255813953488372
Life Sciences,acid_amino_egg_cuticle_insulin,2170489.0,0.0,7.0,0.0,0.0
Life Sciences,amp_cell_biology_gamete_liverpool,19009012.0,0.0,29.0,0.0,0.0
Life Sciences,animal_disease_cattle_livestock_health,104702722.0,304349.0,106.0,2.0,0.018518518518518517
Life Sciences,antibiotic_strain_genome_new_novel,354766.0,338177.0,1.0,1.0,0.5
Life Sciences,bacteria_bacterial_antibiotic_infection_drug,24293675.0,348894.0,59.0,1.0,0.016666666666666666
Life Sciences,bee_bumblebee_colony_flower_field,4606913.0,0.0,12.0,0.0,0.0
Life Sciences,behaviour_animal_social_cow_change,3251697.0,0.0,13.0,0.0,0.0
Life Sciences,biomass_quot_wall_sugar_ltd,844838.0,0.0,2.0,0.0,0.0
Life Sciences,blood_vessel_cell_junction_function,1213603.0,0.0,6.0,0.0,0.0
Life Sciences,brain_neuron_quot_information_visual,33789560.0,1692866.0,84.0,4.0,0.045454545454545456
Life Sciences,calcium_mitochondrial_mitochondrion_organelle_compartment,498109.0,0.0,2.0,0.0,0.0
Life Sciences,cell_chemical_tissue_detection_function,7937613.0,360243.0,25.0,3.0,0.10714285714285714
Life Sciences,cell_embryo_system_development_zebrafish,7606756.0,0.0,13.0,0.0,0.0
Life Sciences,cell_light_imaging_molecule_image,49178931.0,3590439.0,136.0,11.0,0.07482993197278912
Life Sciences,cell_protein_disease_called_process,82778461.0,673682.0,177.0,1.0,0.0056179775280898875
Life Sciences,cell_protein_er_axon_receptor,8675034.0,379844.0,22.0,1.0,0.043478260869565216
Life Sciences,cell_system_process_product_method,76989706.0,1275134.0,153.0,3.0,0.019230769230769232
Life Sciences,cell_tissue_function_type_stem,87812503.0,5009530.0,179.0,9.0,0.047872340425531915
Life Sciences,channel_ion_membrane_welfare_pen,2464898.0,0.0,6.0,0.0,0.0
Life Sciences,chicken_welfare_bird_campylobacter_poultry,6800291.0,297251.0,18.0,2.0,0.1
Life Sciences,community_project_specie_research_genome,2990631.0,321994.0,18.0,1.0,0.05263157894736842
Life Sciences,conservation_urban_fellowship_pollinator_ambition,237185.0,0.0,1.0,0.0,0.0
Life Sciences,crop_wheat_breeding_yield_plant,134273849.0,19949762.0,257.0,32.0,0.11072664359861592
Life Sciences,culture_project_type_co_resistant,3883761.0,0.0,18.0,0.0,0.0
Life Sciences,data_analysis_tool_information_sample,11653018.0,555737.0,47.0,4.0,0.0784313725490196
Life Sciences,data_resource_user_web_support,2331772.0,0.0,10.0,0.0,0.0
Life Sciences,data_tool_dr_researcher_embrapa,1701604.0,0.0,8.0,0.0,0.0
Life Sciences,dna_replication_cell_process_genetic,18632654.0,0.0,48.0,0.0,0.0
Life Sciences,domain_application_water_stomatal_dependence,2145518.0,0.0,6.0,0.0,0.0
Life Sciences,drug_product_new_compound_development,40329946.0,451854.0,87.0,3.0,0.03333333333333333
Life Sciences,electron_stability_mineral_transport_membrane,1809916.0,0.0,8.0,0.0,0.0
Life Sciences,embryo_barley_size_grain_mutant,14189019.0,0.0,13.0,0.0,0.0
Life Sciences,energy_chemical_fuel_process_use,40331396.0,0.0,21.0,0.0,0.0
Life Sciences,enzyme_reaction_chemical_hydrogen_acid,15244849.0,832053.0,37.0,2.0,0.05128205128205128
Life Sciences,et_al_new_e_approach,4498567.0,0.0,25.0,0.0,0.0
Life Sciences,feed_animal_cost_efficiency_project,627166.0,0.0,3.0,0.0,0.0
Life Sciences,fish_resistance_pathogen_salmon_treatment,8520790.0,1167192.0,20.0,6.0,0.23076923076923078
Life Sciences,flock_flow_abstract_broiler_personal,5264398.0,265546.0,24.0,2.0,0.07692307692307693
Life Sciences,food_salmonella_chain_type_redox,905469.0,0.0,3.0,0.0,0.0
Life Sciences,food_structure_x_ray_macromolecule,6580924.0,147151510.0,15.0,29.0,0.6590909090909091
Life Sciences,gene_family_plant_methylation_member,1248047.0,0.0,6.0,0.0,0.0
Life Sciences,gene_potato_plant_r_resistance,4500811.0,0.0,12.0,0.0,0.0
Life Sciences,gene_sequence_genome_data_animal,18409829.0,0.0,50.0,0.0,0.0
Life Sciences,genetic_population_parasite_trait_variation,6604667.0,0.0,14.0,0.0,0.0
Life Sciences,genome_chromosome_sequence_specie_gene,173638.0,245390.0,1.0,1.0,0.5
Life Sciences,grain_barley_animal_malting_quality,10445424.0,3887984.0,34.0,8.0,0.19047619047619047
Life Sciences,gut_toxin_microbiota_bacteria_health,2523087.0,0.0,9.0,0.0,0.0
Life Sciences,hormone_receptor_body_transporter_auxin,3782829.0,330433.0,10.0,1.0,0.09090909090909091
Life Sciences,human_group_specie_different_year,3275646.0,264588.0,12.0,1.0,0.07692307692307693
Life Sciences,insect_quot_gene_host_virus,3160414.0,0.0,9.0,0.0,0.0
Life Sciences,male_fly_female_reproductive_mating,310058.0,0.0,1.0,0.0,0.0
Life Sciences,marine_data_university_training_many,4371708.0,0.0,15.0,0.0,0.0
Life Sciences,mass_amyloid_disease_protein_spectrometry,2592172.0,570977.0,7.0,2.0,0.2222222222222222
Life Sciences,membrane_temperature_protein_lipid_change,2495195.0,152757.0,6.0,1.0,0.14285714285714285
Life Sciences,memory_strategy_learning_disease_hippocampus,4329239.0,0.0,12.0,0.0,0.0
Life Sciences,model_work_modelling_new_approach,23118704.0,133050.0,70.0,2.0,0.027777777777777776
Life Sciences,motor_fungal_elite_biofilm_vision,907718.0,0.0,5.0,0.0,0.0
Life Sciences,mutant_gene_use_chemical_study,2952843.0,0.0,5.0,0.0,0.0
Life Sciences,nematode_worm_parasite_parasitic_host,1182133.0,0.0,5.0,0.0,0.0
Life Sciences,neuron_release_information_neurotransmitter_synapsis,4090297.0,0.0,10.0,0.0,0.0
Life Sciences,nitrogen_plant_lettuce_reduce_gate,4193366.0,0.0,10.0,0.0,0.0
Life Sciences,oil_fat_food_solid_make,1909726.0,346293.0,6.0,1.0,0.14285714285714285
Life Sciences,older_rat_metabolism_offspring_brain,1246647.0,0.0,4.0,0.0,0.0
Life Sciences,organism_gene_different_specie_individual,95414038.0,1715068.0,222.0,10.0,0.04310344827586207
Life Sciences,oxygen_ro_level_storage_activity,1131126.0,0.0,3.0,0.0,0.0
Life Sciences,pi_crop_soil_root_bacteria,4748029.0,0.0,12.0,0.0,0.0
Life Sciences,plant_cell_protein_growth_wall,10095019.0,0.0,24.0,0.0,0.0
Life Sciences,plant_cluster_disease_oxygen_gene,1635103.0,0.0,7.0,0.0,0.0
Life Sciences,plant_crop_virus_bean_aphid,3207118.0,0.0,8.0,0.0,0.0
Life Sciences,plant_growth_production_nutrient_microbial,26715063.0,127680.0,63.0,3.0,0.045454545454545456
Life Sciences,plant_pathogen_effector_host_protein,20419418.0,0.0,48.0,0.0,0.0
Life Sciences,plant_photosynthesis_light_photosynthetic_transport,2463349.0,0.0,8.0,0.0,0.0
Life Sciences,potato_plant_neural_granule_nematode,6724423.0,0.0,19.0,0.0,0.0
Life Sciences,protein_iron_vitamin_form_structure,2359186.0,0.0,9.0,0.0,0.0
Life Sciences,protein_metal_coli_e_folding,12117161.0,0.0,29.0,0.0,0.0
Life Sciences,protein_structure_cell_molecule_function,38506279.0,953206.0,115.0,4.0,0.03361344537815126
Life Sciences,quot_cell_chloroplast_bone_protein,7683143.0,0.0,26.0,0.0,0.0
Life Sciences,r_tuberculosis_gland_virulence_mastitis,1789995.0,0.0,6.0,0.0,0.0
Life Sciences,recombination_mosquito_cattle_wild_btb,4496644.0,422285.0,12.0,1.0,0.07692307692307693
Life Sciences,research_uk_technology_science_biology,430123048.0,1412848.0,132.0,4.0,0.029411764705882353
Life Sciences,resistance_b_gene_network_pathogen,2246650.0,0.0,7.0,0.0,0.0
Life Sciences,response_infection_pain_animal_immune,6380822.0,724852.0,16.0,1.0,0.058823529411764705
Life Sciences,response_pore_cell_btb_stomatal,1215802.0,0.0,4.0,0.0,0.0
Life Sciences,rna_protein_gene_mrna_dna,23660075.0,1188900.0,63.0,2.0,0.03076923076923077
Life Sciences,root_soil_growth_water_plant,1615334.0,0.0,5.0,0.0,0.0
Life Sciences,rust_pathway_visual_mid_yellow,4307877.0,0.0,13.0,0.0,0.0
Life Sciences,seed_water_crop_control_mechanical,8111588.0,18924.0,29.0,2.0,0.06451612903225806
Life Sciences,self_universal_something_proposed_designer,1011022.0,0.0,4.0,0.0,0.0
Life Sciences,sleep_clock_circadian_gene_quot,9994704.0,635909.0,22.0,3.0,0.12
Life Sciences,sperm_mutation_rate_hybrid_male,2899466.0,0.0,10.0,0.0,0.0
Life Sciences,starch_pea_sugar_plant_increase,1745793.0,0.0,4.0,0.0,0.0
Life Sciences,stress_life_ageing_age_health,16274575.0,380792.0,40.0,1.0,0.024390243902439025
Life Sciences,sugar_liver_cell_drug_protein,8244730.0,0.0,27.0,0.0,0.0
Life Sciences,synthetic_biology_engineering_system_design,41390853.0,0.0,30.0,0.0,0.0
Life Sciences,system_brain_neuron_control_neural,32443961.0,0.0,75.0,0.0,0.0
Life Sciences,time_red_specie_event_molecular,868943.0,0.0,4.0,0.0,0.0
Life Sciences,tree_pest_ash_strategy_control,11582697.0,5204719.0,42.0,13.0,0.23636363636363636
Life Sciences,virus_disease_infection_vaccine_immune,77993488.0,0.0,125.0,0.0,0.0
Mathematics and Computing,antenna_channel_mimo_body_frequency,6418835.0,1361556.0,29.0,4.0,0.12121212121212122
Mathematics and Computing,audio_sound_source_acoustic_system,29117189.0,0.0,69.0,0.0,0.0
Mathematics and Computing,black_string_hole_theory_gravity,2549555.0,0.0,12.0,0.0,0.0
Mathematics and Computing,c_action_algebra_semigroup_semigroups,1621104.0,0.0,13.0,0.0,0.0
Mathematics and Computing,cell_mathematical_scientist_biology_biological,3479011.0,0.0,22.0,0.0,0.0
Mathematics and Computing,cellular_automaton_computing_project_language,1430545.0,0.0,8.0,0.0,0.0
Mathematics and Computing,chain_engineering_web_supply_evaluation,2765696.0,0.0,7.0,0.0,0.0
Mathematics and Computing,cluster_separation_memory_hpc_analysis,3163813.0,0.0,9.0,0.0,0.0
Mathematics and Computing,computer_human_people_example_way,3015543.0,0.0,11.0,0.0,0.0
Mathematics and Computing,conjecture_function_number_form_theory,15478480.0,0.0,58.0,0.0,0.0
Mathematics and Computing,content_network_cache_radio_green,3181039.0,675960.0,18.0,2.0,0.1
Mathematics and Computing,control_system_brain_vehicle_environment,123410456.0,832960.0,134.0,3.0,0.021897810218978103
Mathematics and Computing,curve_number_map_elliptic_diophantine,6951998.0,0.0,25.0,0.0,0.0
Mathematics and Computing,data_energy_information_cloud_service,545990671.0,19603054.0,327.0,16.0,0.04664723032069971
Mathematics and Computing,data_query_analysis_technique_database,45962089.0,1092586.0,44.0,2.0,0.043478260869565216
Mathematics and Computing,data_resource_child_system_problem,132410758.0,67652.0,71.0,2.0,0.0273972602739726
Mathematics and Computing,data_sensor_animal_information_time,31888555.0,4258874.0,62.0,10.0,0.1388888888888889
Mathematics and Computing,defect_medium_study_kinetic_artist,2030051.0,331477.0,9.0,1.0,0.1
Mathematics and Computing,design_process_product_designer_used,15997467.0,20084.0,48.0,1.0,0.02040816326530612
Mathematics and Computing,design_user_circuit_technology_interaction,242026880.0,86723006.0,73.0,23.0,0.23958333333333334
Mathematics and Computing,development_new_insect_workflow_fabrication,1149495.0,0.0,6.0,0.0,0.0
Mathematics and Computing,dialogue_child_goal_use_real,9182807.0,0.0,24.0,0.0,0.0
Mathematics and Computing,digital_community_technology_project_new,103058778.0,5913325.0,141.0,15.0,0.09615384615384616
Mathematics and Computing,disease_new_spread_individual_drug,11857526.0,0.0,37.0,0.0,0.0
Mathematics and Computing,energy_power_design_electronic_sensor,6461325.0,0.0,18.0,0.0,0.0
Mathematics and Computing,equation_system_nonlinear_solution_differential,22107573.0,162573.0,75.0,5.0,0.0625
Mathematics and Computing,equipment_rfid_tag_identification_area,7456359.0,1201660.0,29.0,4.0,0.12121212121212122
Mathematics and Computing,fault_enterprise_embedded_fabric_reconfigurable,1404762.0,0.0,5.0,0.0,0.0
Mathematics and Computing,flow_fluid_planning_liquid_water,6155582.0,0.0,19.0,0.0,0.0
Mathematics and Computing,flow_turbulence_fluid_vortex_turbulent,3687390.0,0.0,13.0,0.0,0.0
Mathematics and Computing,game_player_team_crime_activity,34698855.0,216902.0,89.0,1.0,0.011111111111111112
Mathematics and Computing,geometry_algebraic_symmetry_variety_space,8442366.0,7281.0,29.0,1.0,0.03333333333333333
Mathematics and Computing,group_theory_representation_algebra_object,25623614.0,225520.0,148.0,4.0,0.02631578947368421
Mathematics and Computing,hand_user_high_head_home,6080364.0,0.0,25.0,0.0,0.0
Mathematics and Computing,health_signature_mental_monitoring_cost,1443132.0,0.0,7.0,0.0,0.0
Mathematics and Computing,human_brain_cognitive_quot_model,12075868.0,0.0,34.0,0.0,0.0
Mathematics and Computing,human_robot_interaction_robotics_safety,4989910.0,1297374.0,17.0,6.0,0.2608695652173913
Mathematics and Computing,image_colour_light_camera_object,8127947.0,917530.0,27.0,7.0,0.20588235294117646
Mathematics and Computing,image_face_recognition_application_facial,65377525.0,3731292.0,102.0,17.0,0.14285714285714285
Mathematics and Computing,imaging_image_tissue_optical_medical,14218968.0,10015507.0,21.0,8.0,0.27586206896551724
Mathematics and Computing,information_web_search_e_user,25771615.0,276119.0,56.0,2.0,0.034482758620689655
Mathematics and Computing,language_ontology_type_programming_system,22638318.0,104925.0,48.0,1.0,0.02040816326530612
Mathematics and Computing,language_text_system_machine_data,116708233.0,450822.0,170.0,2.0,0.011627906976744186
Mathematics and Computing,learning_problem_multi_ai_game,4555802.0,0.0,12.0,0.0,0.0
Mathematics and Computing,logic_system_model_order_calculus,12741433.0,0.0,39.0,0.0,0.0
Mathematics and Computing,material_mathematical_simulation_method_model,31572859.0,132248.0,68.0,2.0,0.02857142857142857
Mathematics and Computing,meeting_talk_logical_area_ocean,2494898.0,100917.0,17.0,1.0,0.05555555555555555
Mathematics and Computing,method_model_distribution_data_inference,10748866.0,0.0,28.0,0.0,0.0
Mathematics and Computing,model_data_brain_climate_pattern,53772596.0,0.0,75.0,0.0,0.0
Mathematics and Computing,model_noise_hearing_speech_transformation,33463888.0,813808.0,88.0,4.0,0.043478260869565216
Mathematics and Computing,model_system_tool_analysis_application,46261432.0,3382835.0,112.0,5.0,0.042735042735042736
Mathematics and Computing,music_trial_imperial_live_college,9477280.0,0.0,30.0,0.0,0.0
Mathematics and Computing,network_future_time_capacity_data,17919522.0,0.0,48.0,0.0,0.0
Mathematics and Computing,network_ict_tracing_uk_fpga,2138821.0,951355.0,3.0,2.0,0.4
Mathematics and Computing,network_node_sensor_distributed_topology,9415753.0,191970.0,22.0,2.0,0.08333333333333333
Mathematics and Computing,new_positioning_application_system_gps,39243396.0,0.0,76.0,0.0,0.0
Mathematics and Computing,object_set_graph_structure_class,7294747.0,144749.0,30.0,2.0,0.0625
Mathematics and Computing,one_way_make_computer_work,38545683.0,340731.0,136.0,3.0,0.02158273381294964
Mathematics and Computing,operator_property_boundary_approximation_study,5966584.0,1926559.0,24.0,7.0,0.22580645161290322
Mathematics and Computing,patient_system_eye_clinical_grid,102721595.0,801412.0,94.0,5.0,0.050505050505050504
Mathematics and Computing,people_shape_use_life_work,76580434.0,58404107.0,87.0,26.0,0.23008849557522124
Mathematics and Computing,platform_research_grant_project_use,23647093.0,1018348.0,49.0,4.0,0.07547169811320754
Mathematics and Computing,problem_algorithm_dynamic_solution_search,115637922.0,0.0,94.0,0.0,0.0
Mathematics and Computing,problem_algorithm_graph_time_method,60046104.0,2007776.0,193.0,9.0,0.04455445544554455
Mathematics and Computing,problem_wave_mathematics_research_mathematical,54723748.0,0.0,67.0,0.0,0.0
Mathematics and Computing,program_information_language_project_test,2764844.0,1471379.0,16.0,3.0,0.15789473684210525
Mathematics and Computing,proof_formal_theorem_verification_method,4761506.0,0.0,18.0,0.0,0.0
Mathematics and Computing,quantum_computer_system_computation_protocol,13901180.0,471586.0,39.0,5.0,0.11363636363636363
Mathematics and Computing,quot_meaning_word_approach_problem,5175817.0,0.0,16.0,0.0,0.0
Mathematics and Computing,random_process_model_stochastic_statistical,19541506.0,14849.0,62.0,1.0,0.015873015873015872
Mathematics and Computing,research_project_internet_security_thing,205408452.0,336730.0,63.0,2.0,0.03076923076923077
Mathematics and Computing,research_uk_area_event_university,336689891.0,2717396.0,176.0,16.0,0.08333333333333333
Mathematics and Computing,research_uk_new_leading_programme,98521310.0,2224460.0,85.0,2.0,0.022988505747126436
Mathematics and Computing,security_system_policy_risk_attack,31122909.0,2213998.0,77.0,6.0,0.07228915662650602
Mathematics and Computing,self_dimension_fractal_disorder_region,194492.0,0.0,2.0,0.0,0.0
Mathematics and Computing,service_user_new_personal_vision,1343410.0,0.0,6.0,0.0,0.0
Mathematics and Computing,signal_technique_target_processing_method,44391455.0,21507.0,84.0,1.0,0.011764705882352941
Mathematics and Computing,social_privacy_identity_individual_group,41081804.0,0.0,48.0,0.0,0.0
Mathematics and Computing,software_program_code_core_processor,182781169.0,0.0,245.0,0.0,0.0
Mathematics and Computing,space_n_dimensional_point_dimension,5325931.0,390380.0,22.0,5.0,0.18518518518518517
Mathematics and Computing,speech_group_technology_computer_contact,2636365.0,0.0,13.0,0.0,0.0
Mathematics and Computing,surface_manifold_space_metric_sphere,2537823.0,362707.0,12.0,1.0,0.07692307692307693
Mathematics and Computing,symposium_mathematics_area_h_research,849940.0,0.0,7.0,0.0,0.0
Mathematics and Computing,system_agent_complex_component_time,18796292.0,107676.0,46.0,1.0,0.02127659574468085
Mathematics and Computing,system_autonomous_satellite_agent_area,7652298.0,101088.0,18.0,1.0,0.05263157894736842
Mathematics and Computing,system_behaviour_dynamic_complex_understanding,68093310.0,747135.0,152.0,6.0,0.0379746835443038
Mathematics and Computing,system_design_device_cost_performance,281002904.0,7779652.0,536.0,21.0,0.03770197486535009
Mathematics and Computing,system_model_information_temporal_domain,34191440.0,390034.0,79.0,2.0,0.024691358024691357
Mathematics and Computing,technology_uk_economy_research_india,420697031.0,0.0,125.0,0.0,0.0
Mathematics and Computing,theory_one_physic_mathematical_mathematics,72639175.0,1312606.0,223.0,10.0,0.04291845493562232
Mathematics and Computing,theory_string_application_model_vacuum,2245377.0,395971.0,9.0,1.0,0.1
Mathematics and Computing,tree_computational_creativity_software_creative,16245962.0,0.0,26.0,0.0,0.0
Mathematics and Computing,university_visit_prof_dr_breast,805856.0,20196.0,7.0,1.0,0.125
Mathematics and Computing,urban_city_geo_labour_exclusion,181095.0,0.0,1.0,0.0,0.0
Mathematics and Computing,user_mobile_network_device_application,182786452.0,4646685.0,251.0,9.0,0.03461538461538462
Mathematics and Computing,video_visual_scene_vision_human,71273689.0,1224045.0,82.0,4.0,0.046511627906976744
Mathematics and Computing,wave_frequency_vibration_application_effect,12652682.0,0.0,44.0,0.0,0.0
Mathematics and Computing,wireless_communication_energy_information_system,20786030.0,179286.0,44.0,1.0,0.022222222222222223
Mathematics and Computing,workshop_student_conference_participant_meeting,411418.0,831085.0,13.0,9.0,0.4090909090909091
Physics,Astronomy - observation_Extra-Galactic Astron.&Cosmol._telescope_Galactic & Interstellar Astron_astrophysics,1478895.0,0.0,34.0,0.0,0.0
Physics,abstract_submission_detail_information_normally,4078516.0,0.0,36.0,0.0,0.0
Physics,accelerator_laser_beam_collider_science,29719108.0,0.0,10.0,0.0,0.0
Physics,alma_uk_xeus_programme_support,5190579.0,0.0,12.0,0.0,0.0
Physics,atlas_quot_pprp_Beyond the Standard Model_Particle physics - experiment,6728170.0,0.0,54.0,0.0,0.0
Physics,beam_muon_cooling_neutrino_channel,3129067.0,0.0,8.0,0.0,0.0
Physics,belt_radiation_weather_space_research,269482.0,0.0,2.0,0.0,0.0
Physics,black_hole_object_onto_star,403255.0,0.0,5.0,0.0,0.0
Physics,data_magnetic_atomic_dynamic_ion,703295.0,0.0,5.0,0.0,0.0
Physics,data_service_new_lhc_physic,19778256.0,0.0,18.0,0.0,0.0
Physics,data_uk_pipeline_processing_analysis,17097325.0,0.0,23.0,0.0,0.0
Physics,decay_beta_neutrino_double_detector,4884037.0,0.0,12.0,0.0,0.0
Physics,decay_experiment_particle_physic_neutrino,23258269.0,0.0,31.0,0.0,0.0
Physics,detector_beam_radiation_high_lhc,1471047.0,60952.0,10.0,1.0,0.09090909090909091
Physics,detector_gravitational_data_wave_uk,10738983.0,3156661.0,24.0,5.0,0.1724137931034483
Physics,detector_neutrino_quot_large_lbne,888938.0,0.0,8.0,0.0,0.0
Physics,device_application_sensor_also_would,667275.0,0.0,7.0,0.0,0.0
Physics,dirac_science_project_facility_uk,9169386.0,0.0,12.0,0.0,0.0
Physics,dust_oxford_world_star_galaxy,54776913.0,0.0,13.0,0.0,0.0
Physics,earth_sun_ray_field_cosmic,1804143.0,0.0,5.0,0.0,0.0
Physics,energy_plasma_electron_experiment_high,2626906.0,0.0,13.0,0.0,0.0
Physics,euclid_dark_esa_study_cosmic,1415085.0,0.0,10.0,0.0,0.0
Physics,experiment_physic_group_particle_new,30462300.0,36014280.0,15.0,12.0,0.4444444444444444
Physics,experiment_physic_particle_atlas_model,42624116.0,0.0,20.0,0.0,0.0
Physics,galaxy_cluster_star_agn_black,4931803.0,0.0,17.0,0.0,0.0
Physics,galaxy_star_universe_formation_hole,79776692.0,5702646.0,133.0,10.0,0.06993006993006994
Physics,grant_Particle physics - experiment_Beyond the Standard Model_equipment_agreed,9103716.0,910331.0,100.0,2.0,0.0196078431372549
Physics,grant_observing_year_stfc_funding,2131291.0,317916.0,20.0,8.0,0.2857142857142857
Physics,gravitational_star_programme_wave_neutron,12897288.0,7511090.0,19.0,3.0,0.13636363636363635
Physics,grid_uk_established_scale_resource,41900.0,0.0,1.0,0.0,0.0
Physics,grid_user_job_middleware_data,5452570.0,0.0,17.0,0.0,0.0
Physics,group_ray_particle_used_year,961448.0,0.0,7.0,0.0,0.0
Physics,high_technology_project_application_imaging,10030630.0,894777.0,46.0,3.0,0.061224489795918366
Physics,instrument_elt_uk_telescope_e,19753539.0,0.0,34.0,0.0,0.0
Physics,light_imaging_sheffield_wavelength_array,1398208.0,0.0,11.0,0.0,0.0
Physics,loss_new_massive_hour_mass,5490047.0,0.0,3.0,0.0,0.0
Physics,magnetic_field_plasma_solar_sun,10662757.0,240189.0,24.0,1.0,0.04
Physics,magnetic_muon_measurement_moment_electron,7968611.0,0.0,5.0,0.0,0.0
Physics,matter_dark_particle_detector_experiment,30209573.0,0.0,24.0,0.0,0.0
Physics,matter_dark_telescope_understanding_minos,1661447.0,0.0,11.0,0.0,0.0
Physics,mirror_technology_based_mm_risk,252032.0,0.0,4.0,0.0,0.0
Physics,mode_fibre_telescope_technology_single,3086244.0,0.0,7.0,0.0,0.0
Physics,model_physic_universe_energy_standard,3373608.0,0.0,6.0,0.0,0.0
Physics,muon_beam_neutrino_proton_accelerator,1295561.0,0.0,12.0,0.0,0.0
Physics,neutrino_detector_experiment_particle_physic,61251417.0,0.0,59.0,0.0,0.0
Physics,neutrino_muon_beam_anti_particle,4663495.0,0.0,14.0,0.0,0.0
Physics,neutrino_particle_physic_experiment_matter,65194047.0,0.0,44.0,0.0,0.0
Physics,neutrino_particle_quot_matter_cp,2352996.0,0.0,17.0,0.0,0.0
Physics,new_weave_telescope_galaxy_observation,3819830.0,0.0,11.0,0.0,0.0
Physics,nuclear_beam_new_facility_physic,7856211.0,0.0,22.0,0.0,0.0
Physics,nuclear_experimental_physic_neutron_data,8952775.0,0.0,13.0,0.0,0.0
Physics,nucleus_nuclear_neutron_shell_proton,8098857.0,0.0,14.0,0.0,0.0
Physics,nucleus_nuclear_proton_neutron_state,24602478.0,0.0,56.0,0.0,0.0
Physics,particle_amp_neutrino_physic_detector,32965396.0,0.0,20.0,0.0,0.0
Physics,particle_high_data_physic_detector,18132219.0,0.0,26.0,0.0,0.0
Physics,particle_matter_quark_energy_electron,5775639.0,0.0,18.0,0.0,0.0
Physics,particle_theory_physic_model_new,82382905.0,740160.0,124.0,8.0,0.06060606060606061
Physics,patt_grbs_burst_grant_telescope,1949291.0,0.0,16.0,0.0,0.0
Physics,physic_Neutrino Physics_sussex_neutrino_B Physics/Flavour Physics,10673441.0,0.0,23.0,0.0,0.0
Physics,physic_data_collaboration_compact_research,147421.0,0.0,3.0,0.0,0.0
Physics,physic_quark_hadron_model_lattice,8333125.0,1203990.0,19.0,1.0,0.05
Physics,programme_astronomy_reconnection_radio_together,6078605.0,0.0,8.0,0.0,0.0
Physics,project_programme_school_astronomy_science,1162055.0,449748.0,5.0,8.0,0.6153846153846154
Physics,pulsar_einstein_clock_bridging_radio,625890.0,0.0,6.0,0.0,0.0
Physics,quark_matter_heavy_alice_collision,3028742.0,0.0,7.0,0.0,0.0
Physics,quark_theory_charge_n_qcd,1341462.0,190196.0,6.0,1.0,0.14285714285714285
Physics,quot_magnetosphere_earth_magnetic_field,7432704.0,451674.0,17.0,1.0,0.05555555555555555
Physics,ray_x_energy_gamma_high,3447104.0,0.0,13.0,0.0,0.0
Physics,region_chemical_device_infrared_using,5629414.0,533000.0,11.0,2.0,0.15384615384615385
Physics,science_herschel_uk_space_euclid,170348.0,245986.0,2.0,4.0,0.6666666666666666
Physics,see_Astronomy - observation_st_proposal_Particle physics - experiment,8958562.0,4866.0,44.0,2.0,0.043478260869565216
Physics,ska_array_design_frequency_system,29690737.0,2093886.0,22.0,6.0,0.21428571428571427
Physics,ska_radio_array_design_theme,19623524.0,5309862.0,14.0,7.0,0.3333333333333333
Physics,solar_uk_nuclear_star_physic,3662831.0,0.0,16.0,0.0,0.0
Physics,star_energy_shock_leicester_cluster,2732737.0,0.0,5.0,0.0,0.0
Physics,star_mass_formation_form_system,8089150.0,16748.0,10.0,1.0,0.09090909090909091
Physics,star_planet_galaxy_telescope_form,15241166.0,0.0,24.0,0.0,0.0
Physics,star_planet_matter_like_time,2017398.0,260876.0,9.0,2.0,0.18181818181818182
Physics,star_solar_planet_system_study,110515762.0,11663400.0,116.0,7.0,0.056910569105691054
Physics,survey_dark_galaxy_energy_universe,5287982.0,0.0,19.0,0.0,0.0
Physics,survey_data_sky_vista_telescope,3256961.0,0.0,9.0,0.0,0.0
Physics,system_asteroid_planet_earth_solar,22477314.0,0.0,33.0,0.0,0.0
Physics,telescope_data_galaxy_stellar_astronomy,8509150.0,0.0,18.0,0.0,0.0
Physics,telescope_instrument_field_image_large,3831060.0,0.0,10.0,0.0,0.0
Physics,telescope_ray_energy_cta_gamma,2818122.0,135266.0,23.0,2.0,0.08
Physics,telescope_ray_gamma_object_data,476743.0,0.0,4.0,0.0,0.0
Physics,temperature_cmb_around_astronomical_photon,2549685.0,0.0,8.0,0.0,0.0
Physics,theory_interaction_collider_model_group,1794530.0,0.0,1.0,0.0,0.0
Physics,theory_qcd_quantum_gauge_field,184901.0,4521030.0,1.0,3.0,0.75
Physics,theory_string_physic_structure_research,7158875.0,0.0,20.0,0.0,0.0
Physics,therapy_treatment_cancer_patient_proton,1619614.0,77762.0,16.0,2.0,0.1111111111111111
Physics,uk_Astronomy - observation_research_infrared_visitor,2795266.0,1046410.0,18.0,14.0,0.4375
Physics,uk_grid_lhc_computing_operate,17619357.0,0.0,51.0,0.0,0.0
Physics,uk_lsst_science_phase_level,1104752.0,0.0,5.0,0.0,0.0
Physics,universe_dark_model_energy_galaxy,35431042.0,9572088.0,59.0,10.0,0.14492753623188406
Physics,universe_energy_dark_late_matter,1256232.0,0.0,4.0,0.0,0.0
Physics,universe_new_dark_physic_particle,11896549.0,0.0,12.0,0.0,0.0
Physics,universe_structure_matter_dark_cosmic,12053500.0,0.0,4.0,0.0,0.0
Physics,x_ray_galaxy_esa_study,897635.0,0.0,12.0,0.0,0.0
Social Sciences,History_Economic & Social History_change_historical_c,2757233.0,0.0,10.0,0.0,0.0
Social Sciences,Management & Business Studies_business_innovation_firm_performance,28460923.0,1672226.0,133.0,11.0,0.0763888888888889
Social Sciences,adjustment_muslim_phase_index_islam,3659755.0,248384.0,25.0,1.0,0.038461538461538464
Social Sciences,africa_south_african_Development studies_aid,28437438.0,508550.0,126.0,2.0,0.015625
Social Sciences,approach_model_time_method_process,10202983.0,81227.0,58.0,1.0,0.01694915254237288
Social Sciences,attitude_group_member_individual_towards,4041051.0,952690.0,35.0,7.0,0.16666666666666666
Social Sciences,br_science_project_scientific_Sociology,8841379.0,9983211.0,46.0,7.0,0.1320754716981132
Social Sciences,census_data_user_population_non,9781280.0,746147.0,31.0,5.0,0.1388888888888889
Social Sciences,change_climate_energy_carbon_impact,17883498.0,12895915.0,48.0,15.0,0.23809523809523808
Social Sciences,child_family_parent_study_year,30825570.0,1360316.0,167.0,13.0,0.07222222222222222
Social Sciences,china_chinese_private_achievement_privatisation,550540.0,0.0,4.0,0.0,0.0
Social Sciences,choice_emotion_emotional_feedback_identity,941929.0,0.0,8.0,0.0,0.0
Social Sciences,community_project_art_academic_workshop,12751413.0,39213133.0,146.0,35.0,0.19337016574585636
Social Sciences,competition_market_price_gambling_good,899366.0,0.0,10.0,0.0,0.0
Social Sciences,consumer_young_youth_adult_liverpool,474703.0,0.0,2.0,0.0,0.0
Social Sciences,country_regulation_project_analysis_policy,5727065.0,280148.0,40.0,4.0,0.09090909090909091
Social Sciences,court_system_judicial_judge_case,2052807.0,0.0,12.0,0.0,0.0
Social Sciences,crime_police_policing_witness_officer,2109086.0,441332.0,16.0,2.0,0.1111111111111111
Social Sciences,decision_making_may_choice_make,11186831.0,420634.0,50.0,2.0,0.038461538461538464
Social Sciences,elite_managerial_holder_variable_study,859979.0,3144000.0,9.0,2.0,0.18181818181818182
Social Sciences,em_lifestyle_exercise_cognitive_diet,656755.0,0.0,8.0,0.0,0.0
Social Sciences,environmental_rural_Environmental planning_land_water,18673453.0,137914.0,57.0,2.0,0.03389830508474576
Social Sciences,ethnic_minority_per_cent_group,2087006.0,0.0,11.0,0.0,0.0
Social Sciences,european_eu_uk_policy_europe,10707609.0,446714.0,81.0,3.0,0.03571428571428571
Social Sciences,face_Psychology_human_different_research,48481686.0,3236492.0,196.0,14.0,0.06666666666666667
Social Sciences,fair_capability_convention_criticism_motif,689207.0,151218.0,5.0,2.0,0.2857142857142857
Social Sciences,food_design_environment_production_project,17293546.0,254343.0,47.0,2.0,0.04081632653061224
Social Sciences,health_care_patient_mental_treatment,24214567.0,953040.0,147.0,7.0,0.045454545454545456
Social Sciences,household_economic_Economics_inequality_social,30201003.0,854990.0,172.0,8.0,0.044444444444444446
Social Sciences,human_game_theory_strategic_simulation,1191754.0,0.0,9.0,0.0,0.0
Social Sciences,image_negative_island_carers_distraction,304608.0,0.0,3.0,0.0,0.0
Social Sciences,industry_financial_market_global_economic,144305188.0,2357653.0,194.0,8.0,0.039603960396039604
Social Sciences,integration_monitoring_involvement_temporal_control,290632.0,0.0,2.0,0.0,0.0
Social Sciences,intervention_project_impact_use_study,11448167.0,381208.0,48.0,1.0,0.02040816326530612
Social Sciences,knowledge_skill_transfer_placement_generation,1417351.0,576372.0,12.0,8.0,0.4
Social Sciences,labour_economy_trade_market_Economics,29823403.0,0.0,107.0,0.0,0.0
Social Sciences,language_word_Linguistics_Linguistics (General)_child,79201873.0,12034489.0,113.0,12.0,0.096
Social Sciences,law_forced_music_history_exploitation,1040487.0,0.0,9.0,0.0,0.0
Social Sciences,law_moral_philosophy_ethic_question,4113908.0,349550.0,50.0,5.0,0.09090909090909091
Social Sciences,learning_teaching_Education_teacher_curriculum,26780695.0,667910.0,85.0,6.0,0.06593406593406594
Social Sciences,local_community_project_authority_knowledge,33367122.0,1729761.0,72.0,27.0,0.2727272727272727
Social Sciences,loss_measure_implicit_grammar_deaf,415422.0,0.0,3.0,0.0,0.0
Social Sciences,memory_brain_Psychology_infant_event,14691183.0,970754.0,69.0,5.0,0.06756756756756757
Social Sciences,method_victim_prison_quantitative_forecasting,4190534.0,2417109.0,20.0,4.0,0.16666666666666666
Social Sciences,migrant_worker_migration_workplace_employment,312928.0,0.0,2.0,0.0,0.0
Social Sciences,model_Economics_market_financial_economic,4583402.0,475585.0,36.0,3.0,0.07692307692307693
Social Sciences,neighbourhood_residential_segregation_extreme_agent,377415.0,0.0,4.0,0.0,0.0
Social Sciences,older_people_age_life_ageing,36167373.0,1351206.0,120.0,6.0,0.047619047619047616
Social Sciences,operation_executive_side_journey_asymmetry,301514.0,0.0,3.0,0.0,0.0
Social Sciences,organisation_corporate_study_leadership_social,14060686.0,403654.0,65.0,3.0,0.04411764705882353
Social Sciences,past_justice_un_future_event,994759.0,15281.0,4.0,1.0,0.2
Social Sciences,people_Psychology_social_behaviour_individual,51951233.0,2545105.0,236.0,16.0,0.06349206349206349
Social Sciences,people_Social Policy_care_Sociology_policy,59810609.0,6630772.0,175.0,16.0,0.08376963350785341
Social Sciences,people_research_young_project_life,42891286.0,647141.0,168.0,9.0,0.05084745762711865
Social Sciences,policy_evidence_research_government_uk,61122543.0,10257991.0,311.0,31.0,0.09064327485380116
Social Sciences,political_party_medium_election_survey,24091040.0,571026.0,112.0,6.0,0.05084745762711865
Social Sciences,political_war_Pol. sci. & internat. studies_Political Science_military,18062791.0,110574.0,66.0,1.0,0.014925373134328358
Social Sciences,poverty_poor_country_low_policy,8903837.0,117390.0,34.0,1.0,0.02857142857142857
Social Sciences,preference_internal_finance_small_religious,846017.0,0.0,14.0,0.0,0.0
Social Sciences,problem_sex_identification_item_solving,712875.0,0.0,5.0,0.0,0.0
Social Sciences,professional_sexual_career_occupational_identity,3391547.0,0.0,14.0,0.0,0.0
Social Sciences,public_medical_case_practice_professional,8016152.0,0.0,69.0,0.0,0.0
Social Sciences,public_policy_level_governance_role,13651509.0,281123.0,95.0,2.0,0.020618556701030927
Social Sciences,quot_intellectual_patent_auction_property,448435.0,0.0,3.0,0.0,0.0
Social Sciences,reading_task_Psychology_visual_processing,13096891.0,844743.0,93.0,4.0,0.041237113402061855
Social Sciences,reform_regional_network_anti_government,2194631.0,0.0,13.0,0.0,0.0
Social Sciences,research_religious_citizenship_Sociology_political,25510284.0,604411.0,194.0,6.0,0.03
Social Sciences,research_resilience_country_policy_region,26168422.0,685856.0,88.0,4.0,0.043478260869565216
Social Sciences,research_social_centre_policy_service,462585189.0,211845199.0,338.0,33.0,0.0889487870619946
Social Sciences,research_university_project_international_development,44228010.0,9051342.0,283.0,38.0,0.11838006230529595
Social Sciences,research_use_project_information_effect,9285014.0,552129.0,72.0,3.0,0.04
Social Sciences,retail_street_video_cultural_retailer,1073925.0,0.0,13.0,0.0,0.0
Social Sciences,right_legal_text_human_law,1220310.0,0.0,20.0,0.0,0.0
Social Sciences,right_state_law_international_civil,15584364.0,6836664.0,87.0,3.0,0.03333333333333333
Social Sciences,risk_rate_tax_interest_Economics,12441336.0,78298.0,57.0,1.0,0.017241379310344827
Social Sciences,route_kong_hong_left_ad,254925.0,0.0,3.0,0.0,0.0
Social Sciences,school_education_Education_student_educational,15195558.0,309202.0,88.0,3.0,0.03296703296703297
Social Sciences,scotland_wale_criminal_scottish_justice,1104692.0,231336.0,15.0,7.0,0.3181818181818182
Social Sciences,security_conflict_project_international_state,30269493.0,1055258.0,162.0,7.0,0.04142011834319527
Social Sciences,sentence_regime_project_representation_nuclear,2455011.0,0.0,16.0,0.0,0.0
Social Sciences,service_infrastructure_social_tool_e,38789790.0,377532.0,44.0,4.0,0.08333333333333333
Social Sciences,social_identity_cultural_research_Social Anthropology,35960068.0,894235.0,253.0,9.0,0.03435114503816794
Social Sciences,social_project_research_science_resource,67964645.0,272392232.0,214.0,93.0,0.30293159609120524
Social Sciences,spatial_location_high_pattern_trajectory,3693897.0,0.0,13.0,0.0,0.0
Social Sciences,speech_dispute_variation_sign_communication,1118024.0,0.0,7.0,0.0,0.0
Social Sciences,strong_uk_ac_rel_nofollow,30167365.0,228374.0,33.0,1.0,0.029411764705882353
Social Sciences,study_data_life_longitudinal_cohort,190958731.0,9904127.0,199.0,10.0,0.04784688995215311
Social Sciences,sustainable_transport_entrepreneurship_training_development,1254844.0,0.0,10.0,0.0,0.0
Social Sciences,technology_mobile_new_use_user,6308996.0,3050578.0,30.0,6.0,0.16666666666666666
Social Sciences,time_abstract_information_available_detail,19959584.0,1528980.0,69.0,5.0,0.06756756756756757
Social Sciences,trial_black_search_press_humanitarian,600294.0,197731.0,3.0,1.0,0.25
Social Sciences,trust_company_Economics_benefit_aim,2301866.0,80654.0,25.0,1.0,0.038461538461538464
Social Sciences,urban_city_e_g_system,11554554.0,428098.0,48.0,2.0,0.04
Social Sciences,violence_conflict_program_kenya_farming,2621926.0,0.0,14.0,0.0,0.0
Social Sciences,vulnerability_adaptation_charity_road_driver,623700.0,0.0,3.0,0.0,0.0
Social Sciences,woman_gender_men_female_male,1295390.0,0.0,18.0,0.0,0.0
