,tag_name,broad_topic,topic_name
0,marketing_analytics,Information Technology,Cloud computing
28,open_source_tools,Information Technology,Cloud computing
56,jboss_enterprise_middleware,Information Technology,Cloud computing
84,azure,Information Technology,Cloud computing
112,microsoft_biztalk,Information Technology,Cloud computing
140,solution_architecture,Information Technology,Cloud computing
168,google_search_appliance,Information Technology,Cloud computing
196,business_analysis_tools_and_techniques,Information Technology,Cloud computing
224,erp_software,Information Technology,Cloud computing
252,the_cloud,Information Technology,Cloud computing
280,technical_architecture,Information Technology,Cloud computing
308,sharepoint,Information Technology,Cloud computing
336,business_architecture,Information Technology,Cloud computing
364,mule_esb,Information Technology,Cloud computing
392,app_engine,Information Technology,Cloud computing
420,togaf,Information Technology,Cloud computing
448,application_programming_interface,Information Technology,Cloud computing
476,system_integration,Information Technology,Cloud computing
504,strategic_organizational_change,Information Technology,Cloud computing
532,sharepoint_technologies,Information Technology,Cloud computing
560,metadata,Information Technology,Cloud computing
588,service-oriented_architecture,Information Technology,Cloud computing
616,microsoft_sharepoint_technology,Information Technology,Cloud computing
644,metrics,Information Technology,Cloud computing
672,knowledge_sharing,Information Technology,Cloud computing
700,enterprise_application_integration,Information Technology,Cloud computing
728,service_oriented_architectures,Information Technology,Cloud computing
756,jboss_user_group_(jbug),Information Technology,Cloud computing
784,fault-tolerance,Information Technology,Cloud computing
812,business_analysts,Information Technology,Cloud computing
840,mariadb,Information Technology,Cloud computing
868,web_api_design,Information Technology,Cloud computing
896,database_integration_&_migrations,Information Technology,Cloud computing
924,jboss_solutions,Information Technology,Cloud computing
952,enterprise_technology,Information Technology,Cloud computing
980,api_documentation,Information Technology,Cloud computing
1008,marketing_measurement,Information Technology,Cloud computing
1036,web_services,Information Technology,Cloud computing
1064,messaging_systems,Information Technology,Cloud computing
1092,business_analysis,Information Technology,Cloud computing
1120,jboss_application_server,Information Technology,Cloud computing
1148,oracle_application_business_solutions,Information Technology,Cloud computing
1176,automation,Information Technology,Cloud computing
1204,couchdb,Information Technology,Databases
1260,stream_processing,Information Technology,Databases
1316,supercomputing,Information Technology,Databases
1372,mapreduce,Information Technology,Databases
1428,high_scalability_computing,Information Technology,Databases
1484,enterprise_search,Information Technology,Databases
1540,marklogic,Information Technology,Databases
1596,information_retrieval,Information Technology,Databases
1652,real_time_analytics,Information Technology,Databases
1708,cloud_networking,Information Technology,Databases
1764,postgres,Information Technology,Databases
1820,marklogic_server,Information Technology,Databases
1876,nosql,Information Technology,Databases
1932,advanced_sql_server,Information Technology,Databases
1988,xml,Information Technology,Databases
2044,mongodb,Information Technology,Databases
2100,sql_server_2008,Information Technology,Databases
2156,sql_server,Information Technology,Databases
2212,database_professionals,Information Technology,Databases
2268,data_science_using_python,Information Technology,Databases
2324,parallel_programming,Information Technology,Databases
2380,sql,Information Technology,Databases
2436,high_frequency_trading,Information Technology,Databases
2492,apache_kafka,Information Technology,Databases
2548,using_mongodb_in_the_cloud,Information Technology,Databases
2604,sql_server_data_mining,Information Technology,Databases
2660,neo4j,Information Technology,Databases
2716,financial_services,Information Technology,Databases
2772,graph_databases,Information Technology,Databases
2828,sql_server_web_services_+_more_data_access_methods,Information Technology,Databases
2884,hive,Information Technology,Databases
2940,database_development,Information Technology,Databases
2996,oracle,Information Technology,Databases
3052,hbase,Information Technology,Databases
3108,dba,Information Technology,Databases
3164,apache,Information Technology,Databases
3220,apache_pig,Information Technology,Databases
3276,postgresql,Information Technology,Databases
3332,bluemix,Information Technology,Databases
3388,xquery,Information Technology,Databases
3444,web_&_new_technology,Information Technology,Databases
3500,sql_integration_services,Information Technology,Databases
3556,sql_server_analysis_services,Information Technology,Databases
3612,apache_storm,Information Technology,Databases
3668,search_engines,Information Technology,Databases
3724,apache_spark,Information Technology,Databases
3780,"search,_information_retrieval",Information Technology,Databases
3836,elasticsearch,Information Technology,Databases
3892,postgresql_and_open_source_projects,Information Technology,Databases
3948,sql_server_2012,Information Technology,Databases
4004,cissp,Information Technology,Databases
4060,sql_server_integration_services,Information Technology,Databases
4116,solr,Information Technology,Databases
4172,agile_data_warehousing_and_business_intelligence,Information Technology,Databases
4228,hadoop,Information Technology,Databases
4284,high_performance_computing,Information Technology,Databases
4340,database_engineers,Information Technology,Databases
4396,cassandra,Information Technology,Databases
4452,document_databases,Information Technology,Databases
4508,sql_server_azure,Information Technology,Databases
4564,sql_server_reporting_services,Information Technology,Databases
4620,apache_hive,Information Technology,Databases
4676,etl,Information Technology,Databases
4732,apache_lucene_and_solr_open_source_search,Information Technology,Databases
4788,sql_azure,Information Technology,Databases
4844,data_warehousing,Information Technology,Databases
4900,lucene_solr_nutch_mahout_and_open_source_search,Information Technology,Databases
4956,electronics,Programming,Coding - Wearables - IoT - Hardware
5026,computer_graphics,Programming,Coding - Wearables - IoT - Hardware
5096,hackshackers,Programming,Coding - Wearables - IoT - Hardware
5166,geek_culture,Programming,Coding - Wearables - IoT - Hardware
5236,social_coding,Programming,Coding - Wearables - IoT - Hardware
5306,hardware_hacking_and_reverse_engineering,Programming,Coding - Wearables - IoT - Hardware
5376,biohacking,Programming,Coding - Wearables - IoT - Hardware
5446,computer_science,Programming,Coding - Wearables - IoT - Hardware
5516,m2m,Programming,Coding - Wearables - IoT - Hardware
5586,makers,Programming,Coding - Wearables - IoT - Hardware
5656,bluetooth_technology,Programming,Coding - Wearables - IoT - Hardware
5726,diy_technology,Programming,Coding - Wearables - IoT - Hardware
5796,smart_sensors,Programming,Coding - Wearables - IoT - Hardware
5866,hackers_and_makers,Programming,Coding - Wearables - IoT - Hardware
5936,google_glass,Programming,Coding - Wearables - IoT - Hardware
6006,open_source_hardware,Programming,Coding - Wearables - IoT - Hardware
6076,"s_social"",_",Programming,Coding - Wearables - IoT - Hardware
6146,manufacturing,Programming,Coding - Wearables - IoT - Hardware
6216,maker_innovation_ecosystem,Programming,Coding - Wearables - IoT - Hardware
6286,hardware_engineering,Programming,Coding - Wearables - IoT - Hardware
6356,arduino_and_robotics,Programming,Coding - Wearables - IoT - Hardware
6426,hobby_electronics,Programming,Coding - Wearables - IoT - Hardware
6496,hackathons,Programming,Coding - Wearables - IoT - Hardware
6566,gaming,Programming,Coding - Wearables - IoT - Hardware
6636,women_science_technology_engineering_&_mathematics,Programming,Coding - Wearables - IoT - Hardware
6706,woodworking,Programming,Coding - Wearables - IoT - Hardware
6776,hack,Programming,Coding - Wearables - IoT - Hardware
6846,courses_and_workshops,Programming,Coding - Wearables - IoT - Hardware
6916,coders,Programming,Coding - Wearables - IoT - Hardware
6986,emerging_technologies,Programming,Coding - Wearables - IoT - Hardware
7056,teachers,Programming,Coding - Wearables - IoT - Hardware
7126,iot_hacking,Programming,Coding - Wearables - IoT - Hardware
7196,geeks_&_nerds,Programming,Coding - Wearables - IoT - Hardware
7266,learning,Programming,Coding - Wearables - IoT - Hardware
7336,microcontrollers,Programming,Coding - Wearables - IoT - Hardware
7406,diy_(do_it_yourself),Programming,Coding - Wearables - IoT - Hardware
7476,repair,Programming,Coding - Wearables - IoT - Hardware
7546,hardware,Programming,Coding - Wearables - IoT - Hardware
7616,modeling,Programming,Coding - Wearables - IoT - Hardware
7686,women_in_technology,Programming,Coding - Wearables - IoT - Hardware
7756,arduino,Programming,Coding - Wearables - IoT - Hardware
7826,robotics,Programming,Coding - Wearables - IoT - Hardware
7896,robots,Programming,Coding - Wearables - IoT - Hardware
7966,m2m_devices,Programming,Coding - Wearables - IoT - Hardware
8036,embedded_systems,Programming,Coding - Wearables - IoT - Hardware
8106,connected_objects,Programming,Coding - Wearables - IoT - Hardware
8176,women_in_tech,Programming,Coding - Wearables - IoT - Hardware
8246,hacking,Programming,Coding - Wearables - IoT - Hardware
8316,digital_art,Programming,Coding - Wearables - IoT - Hardware
8386,community_organizations,Programming,Coding - Wearables - IoT - Hardware
8456,hackathon,Programming,Coding - Wearables - IoT - Hardware
8526,kinect,Programming,Coding - Wearables - IoT - Hardware
8596,iot,Programming,Coding - Wearables - IoT - Hardware
8666,smart_cities,Programming,Coding - Wearables - IoT - Hardware
8736,intellectual_discussion,Programming,Coding - Wearables - IoT - Hardware
8806,wearables,Programming,Coding - Wearables - IoT - Hardware
8876,girls_in_tech,Programming,Coding - Wearables - IoT - Hardware
8946,raspberry_pi,Programming,Coding - Wearables - IoT - Hardware
9016,restarters,Programming,Coding - Wearables - IoT - Hardware
9086,education,Programming,Coding - Wearables - IoT - Hardware
9156,computers,Programming,Coding - Wearables - IoT - Hardware
9226,creative_industries,Programming,Coding - Wearables - IoT - Hardware
9296,machine-to-machine,Programming,Coding - Wearables - IoT - Hardware
9366,women_programmers,Programming,Coding - Wearables - IoT - Hardware
9436,product_prototyping,Programming,Coding - Wearables - IoT - Hardware
9506,internet_of_things,Programming,Coding - Wearables - IoT - Hardware
9576,women_software_developers,Programming,Coding - Wearables - IoT - Hardware
9646,community_building,Programming,Coding - Wearables - IoT - Hardware
9716,sensors,Programming,Coding - Wearables - IoT - Hardware
9786,smart_home,Programming,Coding - Wearables - IoT - Hardware
9856,science,Programming,Coding - Wearables - IoT - Hardware
9926,education_&_technology,Programming,Coding - Wearables - IoT - Hardware
9996,smart_grid,Programming,Coding - Wearables - IoT - Hardware
10066,raspberrypi,Programming,Coding - Wearables - IoT - Hardware
10136,makerspaces,Programming,Coding - Wearables - IoT - Hardware
10206,wearable_technologies,Programming,Coding - Wearables - IoT - Hardware
10276,force.com,Information Technology,IT_operations
10355,infrastructure_as_code,Information Technology,IT_operations
10434,linux,Information Technology,IT_operations
10513,cloud_storage,Information Technology,IT_operations
10592,kubernetes,Information Technology,IT_operations
10671,microservices,Information Technology,IT_operations
10750,paas:_platform_as_a_service,Information Technology,IT_operations
10829,ibm,Information Technology,IT_operations
10908,openstack_-_quantum,Information Technology,IT_operations
10987,heroku,Information Technology,IT_operations
11066,software_defined_networking,Information Technology,IT_operations
11145,openstack,Information Technology,IT_operations
11224,it_infrastructure,Information Technology,IT_operations
11303,dev_ops,Information Technology,IT_operations
11382,saas_(software_as_a_service),Information Technology,IT_operations
11461,microsoft,Information Technology,IT_operations
11540,salesforce.com_integration,Information Technology,IT_operations
11619,monitoring,Information Technology,IT_operations
11698,network_management_and_monitoring,Information Technology,IT_operations
11777,ec2,Information Technology,IT_operations
11856,salesforce.com_and_force.com,Information Technology,IT_operations
11935,windows,Information Technology,IT_operations
12014,operations_and_data_center_management,Information Technology,IT_operations
12093,apache_mesos,Information Technology,IT_operations
12172,apex_development,Information Technology,IT_operations
12251,aws_programming_and_tools,Information Technology,IT_operations
12330,continuous_delivery,Information Technology,IT_operations
12409,unix,Information Technology,IT_operations
12488,aws_rds,Information Technology,IT_operations
12567,linux_server,Information Technology,IT_operations
12646,microsoft_technology,Information Technology,IT_operations
12725,computer_networking,Information Technology,IT_operations
12804,web_operations,Information Technology,IT_operations
12883,virtualization,Information Technology,IT_operations
12962,microsoft_windows,Information Technology,IT_operations
13041,coreos,Information Technology,IT_operations
13120,gpu_programming,Information Technology,IT_operations
13199,crm,Information Technology,IT_operations
13278,linux_user_group,Information Technology,IT_operations
13357,salesforce_implementation,Information Technology,IT_operations
13436,continuous_deployment,Information Technology,IT_operations
13515,salesforce.com_admins,Information Technology,IT_operations
13594,using_technology_to_scale_your_business,Information Technology,IT_operations
13673,puppet,Information Technology,IT_operations
13752,gnu/linux,Information Technology,IT_operations
13831,aws_s3,Information Technology,IT_operations
13910,salesforce.com_chatter,Information Technology,IT_operations
13989,real_life_uses_of_aws_and_cloud_servers,Information Technology,IT_operations
14068,cloud_foundry,Information Technology,IT_operations
14147,cloud_computing,Information Technology,IT_operations
14226,ansible,Information Technology,IT_operations
14305,system_administration,Information Technology,IT_operations
14384,data_storage,Information Technology,IT_operations
14463,data_center_and_operations_automation,Information Technology,IT_operations
14542,amazon_web_services,Information Technology,IT_operations
14621,servers,Information Technology,IT_operations
14700,ubuntu,Information Technology,IT_operations
14779,visualforce_development,Information Technology,IT_operations
14858,free_software_foundation,Information Technology,IT_operations
14937,scripting,Information Technology,IT_operations
15016,iaas_(infrastructure_as_a_service),Information Technology,IT_operations
15095,docker,Information Technology,IT_operations
15174,powershell,Information Technology,IT_operations
15253,uk_software_developers,Information Technology,IT_operations
15332,configuration_management,Information Technology,IT_operations
15411,private_cloud,Information Technology,IT_operations
15490,building_private_cloud_with_openstack,Information Technology,IT_operations
15569,paas_(platform_as_a_service),Information Technology,IT_operations
15648,grid_computing,Information Technology,IT_operations
15727,salesforce.com_developers,Information Technology,IT_operations
15806,opscode_chef,Information Technology,IT_operations
15885,python/linux_devop,Information Technology,IT_operations
15964,middleware,Information Technology,IT_operations
16043,red_hat,Information Technology,IT_operations
16122,devops,Information Technology,IT_operations
16201,aws_design_implementation_and_servicing,Information Technology,IT_operations
16280,scalability,Information Technology,IT_operations
16359,containers,Information Technology,IT_operations
16438,apex,Information Technology,IT_operations
16517,uk_aws_users,Information Technology,IT_operations
16596,aws,Information Technology,IT_operations
16675,gpu,Information Technology,IT_operations
16754,windows_powershell,Information Technology,IT_operations
16833,redhat_-_openstack,Information Technology,IT_operations
16912,linux_networking,Information Technology,IT_operations
16991,linux_kernel,Information Technology,IT_operations
17070,google_cloud_platform,Information Technology,IT_operations
17149,salesforce.com,Information Technology,IT_operations
17228,gpgpu,Information Technology,IT_operations
17307,openshift,Information Technology,IT_operations
17386,unikernel,Information Technology,IT_operations
17465,hpc_programming,Information Technology,IT_operations
17544,writing,Immersive,Video Games - AR/VR
17593,game_production,Immersive,Video Games - AR/VR
17642,video_game_development,Immersive,Video Games - AR/VR
17691,virtual_reality,Immersive,Video Games - AR/VR
17740,vr_glasses,Immersive,Video Games - AR/VR
17789,independent_game_development,Immersive,Video Games - AR/VR
17838,unity_game_engine,Immersive,Video Games - AR/VR
17887,games,Immersive,Video Games - AR/VR
17936,mobile_game_development,Immersive,Video Games - AR/VR
17985,transmedia,Immersive,Video Games - AR/VR
18034,vr,Immersive,Video Games - AR/VR
18083,c_sharp,Immersive,Video Games - AR/VR
18132,game_design,Immersive,Video Games - AR/VR
18181,google_cardboard,Immersive,Video Games - AR/VR
18230,unity_3d_artists,Immersive,Video Games - AR/VR
18279,"game_design,_game_modding,_3d_modeling",Immersive,Video Games - AR/VR
18328,oculus_rift,Immersive,Video Games - AR/VR
18377,video_games,Immersive,Video Games - AR/VR
18426,iphone_game_development,Immersive,Video Games - AR/VR
18475,html5_game_development,Immersive,Video Games - AR/VR
18524,stereoscopic_equipment_and_methods,Immersive,Video Games - AR/VR
18573,3d_gaming,Immersive,Video Games - AR/VR
18622,game_art,Immersive,Video Games - AR/VR
18671,unity_3d,Immersive,Video Games - AR/VR
18720,creative_wrting,Immersive,Video Games - AR/VR
18769,virtual_world,Immersive,Video Games - AR/VR
18818,adobe_user_group,Immersive,Video Games - AR/VR
18867,game_programming,Immersive,Video Games - AR/VR
18916,mobile_games,Immersive,Video Games - AR/VR
18965,embedded_systems_programming,Immersive,Video Games - AR/VR
19014,opengl,Immersive,Video Games - AR/VR
19063,indie_games,Immersive,Video Games - AR/VR
19112,transmedia_production,Immersive,Video Games - AR/VR
19161,opencl,Immersive,Video Games - AR/VR
19210,interactive,Immersive,Video Games - AR/VR
19259,social_augmented_reality,Immersive,Video Games - AR/VR
19308,the_future_of_video_games,Immersive,Video Games - AR/VR
19357,unity,Immersive,Video Games - AR/VR
19406,video_game_entrepreneurs,Immersive,Video Games - AR/VR
19455,c++_programming,Immersive,Video Games - AR/VR
19504,social_game_developers,Immersive,Video Games - AR/VR
19553,webgl,Immersive,Video Games - AR/VR
19602,human-computer_interaction,Immersive,Video Games - AR/VR
19651,unity_3d_developers,Immersive,Video Games - AR/VR
19700,unreal_engine,Immersive,Video Games - AR/VR
19749,video_game_developers,Immersive,Video Games - AR/VR
19798,video_game_design,Immersive,Video Games - AR/VR
19847,augmented_reality,Immersive,Video Games - AR/VR
19896,game_development,Immersive,Video Games - AR/VR
19945,board_games,Immersive,Video Games - AR/VR
19994,transmedia_storytelling_&_publishing,Immersive,Video Games - AR/VR
20043,htc_vive,Immersive,Video Games - AR/VR
20092,virtual_worlds,Immersive,Video Games - AR/VR
20141,video_game_writing,Immersive,Video Games - AR/VR
20190,content_strategy,Business,Digital Marketing
20282,digital_photography,Business,Digital Marketing
20374,podcasting,Business,Digital Marketing
20466,video,Business,Digital Marketing
20558,social_media,Business,Digital Marketing
20650,online_advertising,Business,Digital Marketing
20742,content_marketing,Business,Digital Marketing
20834,blogging_to_promote_yourself,Business,Digital Marketing
20926,how_to_market_your_business_through_blogging,Business,Digital Marketing
21018,social_networking,Business,Digital Marketing
21110,seo_for_local_business,Business,Digital Marketing
21202,blogging,Business,Digital Marketing
21294,organic_search_engine_optimization,Business,Digital Marketing
21386,seo_for_small_businesses,Business,Digital Marketing
21478,coworking,Business,Digital Marketing
21570,internet_&_social_media,Business,Digital Marketing
21662,digital_journalism,Business,Digital Marketing
21754,media,Business,Digital Marketing
21846,social_media_content,Business,Digital Marketing
21938,lifestyle_blogging,Business,Digital Marketing
22030,videoblogging,Business,Digital Marketing
22122,adobe_creative_suite,Business,Digital Marketing
22214,wordpress_themes,Business,Digital Marketing
22306,adobe_flash,Business,Digital Marketing
22398,social_enterprise,Business,Digital Marketing
22490,copywriting,Business,Digital Marketing
22582,linkedin,Business,Digital Marketing
22674,adobe_indesign,Business,Digital Marketing
22766,online_marketing,Business,Digital Marketing
22858,create_a_blog,Business,Digital Marketing
22950,future_of_news,Business,Digital Marketing
23042,inbound_marketing,Business,Digital Marketing
23134,digital_marketing_strategy,Business,Digital Marketing
23226,pinterest,Business,Digital Marketing
23318,marketing_strategy,Business,Digital Marketing
23410,starting_a_business,Business,Digital Marketing
23502,facebook_marketing,Business,Digital Marketing
23594,public_relations,Business,Digital Marketing
23686,graphic_design,Business,Digital Marketing
23778,adobe,Business,Digital Marketing
23870,facebook,Business,Digital Marketing
23962,vlogging,Business,Digital Marketing
24054,pay_per_click,Business,Digital Marketing
24146,adobe_after_effects,Business,Digital Marketing
24238,geeks,Business,Digital Marketing
24330,journalism,Business,Digital Marketing
24422,content,Business,Digital Marketing
24514,digital_media,Business,Digital Marketing
24606,graphic_design_and_print_production,Business,Digital Marketing
24698,fundraising,Business,Digital Marketing
24790,using_twitter_for_business,Business,Digital Marketing
24882,gambling,Business,Digital Marketing
24974,ppc_-_paid_search,Business,Digital Marketing
25066,blog_marketing,Business,Digital Marketing
25158,blog_writers,Business,Digital Marketing
25250,digital_strategy,Business,Digital Marketing
25342,community_management,Business,Digital Marketing
25434,copywriting_for_small_business_owners,Business,Digital Marketing
25526,new_media,Business,Digital Marketing
25618,video_marketing,Business,Digital Marketing
25710,film_and_video_production,Business,Digital Marketing
25802,after_effects,Business,Digital Marketing
25894,independent_filmmaking,Business,Digital Marketing
25986,digital_publishing,Business,Digital Marketing
26078,marketing,Business,Digital Marketing
26170,netsquared,Business,Digital Marketing
26262,photoshop,Business,Digital Marketing
26354,digital_&_social_media,Business,Digital Marketing
26446,digital_marketing,Business,Digital Marketing
26538,networking_for_marketing_professionals,Business,Digital Marketing
26630,digital_storytelling,Business,Digital Marketing
26722,branded_content,Business,Digital Marketing
26814,travel_blogging,Business,Digital Marketing
26906,digital_access,Business,Digital Marketing
26998,twitter,Business,Digital Marketing
27090,adobe_photoshop,Business,Digital Marketing
27182,seo_(search_engine_optimization),Business,Digital Marketing
27274,seo_&_internet_marketing,Business,Digital Marketing
27366,networking_for_graphic_designers_&_marketing_pros,Business,Digital Marketing
27458,content_management,Business,Digital Marketing
27550,print_and_web_design,Business,Digital Marketing
27642,taxonomy,Business,Digital Marketing
27734,social_media_for_business,Business,Digital Marketing
27826,future_of_journalism,Business,Digital Marketing
27918,advertising_agency_community,Business,Digital Marketing
28010,search_engine_marketing,Business,Digital Marketing
28102,wordpress_plugins,Business,Digital Marketing
28194,digital_content_strategy,Business,Digital Marketing
28286,google_plus,Business,Digital Marketing
28378,wordpress,Business,Digital Marketing
28470,digital_marketing_professionals,Business,Digital Marketing
28562,apple_software,Business,Digital Marketing
28654,public_sector,Business,Digital Marketing
28746,digital_marketing_workshop,Business,Digital Marketing
28838,architecture,Business,Digital Marketing
28930,digital_marketer,Business,Digital Marketing
29022,food_bloggers,Business,Digital Marketing
29114,advertising,Business,Digital Marketing
29206,reporters_and_journalists,Business,Digital Marketing
29298,digital_video,Business,Digital Marketing
29390,digital_marketing_analytics,Business,Digital Marketing
29482,e-business_owners,Business,Digital Marketing
29574,adobe_illustrator,Business,Digital Marketing
29666,social_media_management,Business,Digital Marketing
29758,video_editing,Business,Digital Marketing
29850,publishers,Business,Digital Marketing
29942,graphic_design_professionals,Business,Digital Marketing
30034,digital_design,Business,Digital Marketing
30126,freelance,Business,Digital Marketing
30218,content_strategy_and_seo,Business,Digital Marketing
30310,learn_blogging,Business,Digital Marketing
30402,leadership_development,Business,Digital Marketing
30494,flash,Business,Digital Marketing
30586,nonprofit,Business,Digital Marketing
30678,social_media_marketing,Business,Digital Marketing
30770,youtube,Business,Digital Marketing
30862,illustration,Business,Digital Marketing
30954,volunteering,Business,Digital Marketing
31046,seo_for_small_to_medium_sized_businesses,Business,Digital Marketing
31138,human-centered_design,Design,Design (UI/UX)
31195,ui/ux,Design,Design (UI/UX)
31252,web_accessibility,Design,Design (UI/UX)
31309,product_management,Design,Design (UI/UX)
31366,customer_experience,Design,Design (UI/UX)
31423,social_innovation,Design,Design (UI/UX)
31480,ui_design,Design,Design (UI/UX)
31537,alfresco,Design,Design (UI/UX)
31594,behavioural_economics,Design,Design (UI/UX)
31651,experience_design,Design,Design (UI/UX)
31708,customer_relationship_management,Design,Design (UI/UX)
31765,ux_creatives,Design,Design (UI/UX)
31822,high_tech,Design,Design (UI/UX)
31879,ux_research,Design,Design (UI/UX)
31936,user_experience_design,Design,Design (UI/UX)
31993,creative_design,Design,Design (UI/UX)
32050,accessible_web_design,Design,Design (UI/UX)
32107,behaviour_change,Design,Design (UI/UX)
32164,sharepoint_architecture,Design,Design (UI/UX)
32221,organisational_culture,Design,Design (UI/UX)
32278,designers,Design,Design (UI/UX)
32335,branding,Design,Design (UI/UX)
32392,graphical_user_interfaces,Design,Design (UI/UX)
32449,product_design,Design,Design (UI/UX)
32506,customer_retention,Design,Design (UI/UX)
32563,product_marketing,Design,Design (UI/UX)
32620,user_experience_research,Design,Design (UI/UX)
32677,mobile_user_experience,Design,Design (UI/UX)
32734,growth_hacking,Design,Design (UI/UX)
32791,user_research,Design,Design (UI/UX)
32848,ui/ux_design,Design,Design (UI/UX)
32905,ux_strategy,Design,Design (UI/UX)
32962,web_2.0,Design,Design (UI/UX)
33019,professional_engineer,Design,Design (UI/UX)
33076,user_interface_design,Design,Design (UI/UX)
33133,ux_design,Design,Design (UI/UX)
33190,user_testing,Design,Design (UI/UX)
33247,product_development,Design,Design (UI/UX)
33304,sharepoint_professionals,Design,Design (UI/UX)
33361,software_product_management,Design,Design (UI/UX)
33418,ux_/_ui_design,Design,Design (UI/UX)
33475,usability,Design,Design (UI/UX)
33532,user_centered_design,Design,Design (UI/UX)
33589,conscious_business,Design,Design (UI/UX)
33646,responsive_web_design,Design,Design (UI/UX)
33703,freelancer_networking,Design,Design (UI/UX)
33760,customer_support,Design,Design (UI/UX)
33817,website_design,Design,Design (UI/UX)
33874,new_product_development:_software_&_tech,Design,Design (UI/UX)
33931,ux_technology,Design,Design (UI/UX)
33988,accessibility,Design,Design (UI/UX)
34045,customer_experience_management,Design,Design (UI/UX)
34102,lean_ux,Design,Design (UI/UX)
34159,people_helping_people,Design,Design (UI/UX)
34216,user_experience_practices,Design,Design (UI/UX)
34273,sharepoint_administrators,Design,Design (UI/UX)
34330,service_design,Design,Design (UI/UX)
34387,design_thinking,Design,Design (UI/UX)
34444,ux/ui,Design,Design (UI/UX)
34501,customer_success,Design,Design (UI/UX)
34558,user_experience,Design,Design (UI/UX)
34615,social_entrepreneurship,Design,Design (UI/UX)
34672,customer_satisfaction,Design,Design (UI/UX)
34729,ux_and_sustainable_web_design,Design,Design (UI/UX)
34786,usability_testing,Design,Design (UI/UX)
34843,typography,Design,Design (UI/UX)
34900,payment_systems,Design,Design (UI/UX)
34957,news_broadcasting,Design,Design (UI/UX)
35014,innovation,Design,Design (UI/UX)
35071,interaction_design,Design,Design (UI/UX)
35128,inclusive_design,Design,Design (UI/UX)
35185,information_architecture,Design,Design (UI/UX)
35242,customer_service,Design,Design (UI/UX)
35299,reactjs,Programming,Front-end development
35338,backend,Programming,Front-end development
35377,javascript_best_practices,Programming,Front-end development
35416,front-end_engineering,Programming,Front-end development
35455,react_native,Programming,Front-end development
35494,open_source_community,Programming,Front-end development
35533,jquery,Programming,Front-end development
35572,nodejs,Programming,Front-end development
35611,tessel,Programming,Front-end development
35650,css/next,Programming,Front-end development
35689,css3,Programming,Front-end development
35728,bristol,Programming,Front-end development
35767,json,Programming,Front-end development
35806,single_page_applications,Programming,Front-end development
35845,javascript_libraries,Programming,Front-end development
35884,front-end_development,Programming,Front-end development
35923,rich_internet_applications,Programming,Front-end development
35962,html5,Programming,Front-end development
36001,javascript,Programming,Front-end development
36040,javascript_applications,Programming,Front-end development
36079,javascript_testing,Programming,Front-end development
36118,"html,_xhtml,_css_&_javascript",Programming,Front-end development
36157,angular,Programming,Front-end development
36196,ember_js,Programming,Front-end development
36235,server_side_javascript,Programming,Front-end development
36274,html_5/css3,Programming,Front-end development
36313,phonegap,Programming,Front-end development
36352,google_apps_script,Programming,Front-end development
36391,html_and_css,Programming,Front-end development
36430,web_standards,Programming,Front-end development
36469,d3.js,Programming,Front-end development
36508,sustainable_frameworks_in_javascript,Programming,Front-end development
36547,coffeescript,Programming,Front-end development
36586,angularjs,Programming,Front-end development
36625,web_design_and_development,Programming,Front-end development
36664,sencha_touch,Programming,Front-end development
36703,css,Programming,Front-end development
36742,ajax,Programming,Front-end development
36781,web_application,Programming,Front-end development
36820,html,Programming,Front-end development
36859,javascript_frameworks,Programming,Front-end development
36898,meteor,Programming,Front-end development
36937,all_forms_of_javascript,Programming,Front-end development
36976,backbone.js,Programming,Front-end development
37015,frontend,Programming,Front-end development
37054,open_source_frameworks,Programming,Front-end development
37093,cybersecurity,Information Technology,Cyber Security
37110,computer_security,Information Technology,Cyber Security
37127,right_to_individual_privacy,Information Technology,Cyber Security
37144,software_security,Information Technology,Cyber Security
37161,web_application_security,Information Technology,Cyber Security
37178,risk_governance_and_compliance,Information Technology,Cyber Security
37195,web_security,Information Technology,Cyber Security
37212,information_security,Information Technology,Cyber Security
37229,secure_software_design,Information Technology,Cyber Security
37246,"technology_(security,_audits)",Information Technology,Cyber Security
37263,owasp,Information Technology,Cyber Security
37280,penetration_testing,Information Technology,Cyber Security
37297,white_hat_hacking,Information Technology,Cyber Security
37314,application_security,Information Technology,Cyber Security
37331,cloud_security,Information Technology,Cyber Security
37348,computer_and_information_network_security,Information Technology,Cyber Security
37365,mobile_security,Information Technology,Cyber Security
37382,ethical_hacker,Information Technology,Cyber Security
37399,risk_management,Information Technology,Cyber Security
37416,the_open_web_application_security_project,Information Technology,Cyber Security
37433,network_security,Information Technology,Cyber Security
37450,online_retailers,Business,e-Commerce
37470,peer2peer,Business,e-Commerce
37490,best_practices_for_high_performance_ecommerce,Business,e-Commerce
37510,private_label_product,Business,e-Commerce
37530,amazon_mastermind_selling,Business,e-Commerce
37550,ebay,Business,e-Commerce
37570,magento_enterprise,Business,e-Commerce
37590,magento,Business,e-Commerce
37610,ecommerce_technology,Business,e-Commerce
37630,work_at_home_ebay_sellers,Business,e-Commerce
37650,magento_designers,Business,e-Commerce
37670,selling_on_ebay,Business,e-Commerce
37690,finding_wholesale_items_to_sell_on_ebay,Business,e-Commerce
37710,sem_for_magento,Business,e-Commerce
37730,amazon,Business,e-Commerce
37750,ecommerce_marketing,Business,e-Commerce
37770,etsy_sellers,Business,e-Commerce
37790,online_selling,Business,e-Commerce
37810,e-commerce_business,Business,e-Commerce
37830,e-commerce_-_internet_marketing,Business,e-Commerce
37850,amazon_fba,Business,e-Commerce
37870,amazon_seller,Business,e-Commerce
37890,e-commerce,Business,e-Commerce
37910,ebay_seller,Business,e-Commerce
37930,selling_on_amazon,Business,e-Commerce
37950,fba_fulfillment_by_amazon,Business,e-Commerce
37970,internet_retail,Business,e-Commerce
37990,magento_meetups,Business,e-Commerce
38010,amazon.com,Business,e-Commerce
38030,ecommerce_workshops,Business,e-Commerce
38050,seo_for_magento,Business,e-Commerce
38070,magento_developers,Business,e-Commerce
38090,ecommerce_&_social_media,Business,e-Commerce
38110,building_an_online_business,Business,e-Commerce
38130,small_business,Business,Entrepreneurship
38159,self-improvement,Business,Entrepreneurship
38188,venture_capital,Business,Entrepreneurship
38217,startup_incubation,Business,Entrepreneurship
38246,technology_innovation,Business,Entrepreneurship
38275,lean_startup,Business,Entrepreneurship
38304,women_entrepreneurs,Business,Entrepreneurship
38333,professional_development,Business,Entrepreneurship
38362,startup_businesses,Business,Entrepreneurship
38391,helping_non-profits,Business,Entrepreneurship
38420,business_referral_networking,Business,Entrepreneurship
38449,business_strategy,Business,Entrepreneurship
38478,startup_pitching,Business,Entrepreneurship
38507,crowdsourcing,Business,Entrepreneurship
38536,professional_networking,Business,Entrepreneurship
38565,investing,Business,Entrepreneurship
38594,small_business_marketing_strategy,Business,Entrepreneurship
38623,internet_startups,Business,Entrepreneurship
38652,technology_startups,Business,Entrepreneurship
38681,help_for_business_startups,Business,Entrepreneurship
38710,angel_investors,Business,Entrepreneurship
38739,small_business_networking,Business,Entrepreneurship
38768,entrepreneurship,Business,Entrepreneurship
38797,bring_angel_investors_and_startups_together,Business,Entrepreneurship
38826,digital,Business,Entrepreneurship
38855,leadership,Business,Entrepreneurship
38884,coffee,Business,Entrepreneurship
38913,communication_skills,Business,Entrepreneurship
38942,small_business_owners,Business,Entrepreneurship
38971,creative_freelancers,Business,Entrepreneurship
39000,business_startup,Business,Entrepreneurship
39029,collaboration,Business,Entrepreneurship
39058,entrepreneur_networking,Business,Entrepreneurship
39087,social,Business,Entrepreneurship
39116,freelancers_in_london,Business,Entrepreneurship
39145,spring_framework,Programming,Programming
39189,elixir_programming,Programming,Programming
39233,elixir,Programming,Programming
39277,fsharp,Programming,Programming
39321,emacs_lisp,Programming,Programming
39365,f-sharp,Programming,Programming
39409,go_programming_language,Programming,Programming
39453,scala_programming,Programming,Programming
39497,scala_play_framework,Programming,Programming
39541,akka,Programming,Programming
39585,agile_programming_and_python,Programming,Programming
39629,vim,Programming,Programming
39673,getting_started_with_python,Programming,Programming
39717,elm_programming,Programming,Programming
39761,golang,Programming,Programming
39805,perl,Programming,Programming
39849,f#_programming,Programming,Programming
39893,java_server_side,Programming,Programming
39937,scala_lift,Programming,Programming
39981,python_web_development,Programming,Programming
40025,live_coding,Programming,Programming
40069,groovy_programming_language,Programming,Programming
40113,clojurescript,Programming,Programming
40157,common_lisp,Programming,Programming
40201,hibernate,Programming,Programming
40245,distributed_systems,Programming,Programming
40289,go,Programming,Programming
40333,open_source_python,Programming,Programming
40377,pragmatic_software_development,Programming,Programming
40421,functional_programming_in_python,Programming,Programming
40465,concurrent_programming,Programming,Programming
40509,erlang_programming,Programming,Programming
40553,datomic,Programming,Programming
40597,coding_for_beginners,Programming,Programming
40641,jvm_languages,Programming,Programming
40685,clean_code,Programming,Programming
40729,j2ee,Programming,Programming
40773,pair_programming,Programming,Programming
40817,learning_to_code,Programming,Programming
40861,distributed_programming_in_java,Programming,Programming
40905,computer_programming_c/c++,Programming,Programming
40949,scala_akka,Programming,Programming
40993,lift,Programming,Programming
41037,groovy,Programming,Programming
41081,software_development_technologies,Programming,Programming
41125,riak,Programming,Programming
41169,java_concurrency,Programming,Programming
41213,learn_to_code,Programming,Programming
41257,haskell,Programming,Programming
41301,functional_programming,Programming,Programming
41345,distributed_scala_programming,Programming,Programming
41389,perl_scripting,Programming,Programming
41433,ocaml_programming,Programming,Programming
41477,programmers,Programming,Programming
41521,object_oriented_programming,Programming,Programming
41565,play_framework,Programming,Programming
41609,learning_erlang_and_otp,Programming,Programming
41653,c/c++,Programming,Programming
41697,computer_programming,Programming,Programming
41741,clojure,Programming,Programming
41785,python,Programming,Programming
41829,programming_languages,Programming,Programming
41873,learn_coding,Programming,Programming
41917,scala,Programming,Programming
41961,java_virtual_machine,Programming,Programming
42005,coding_dojos,Programming,Programming
42049,django,Programming,Programming
42093,golang_programming_language,Programming,Programming
42137,otp,Programming,Programming
42181,lisp_&_scheme,Programming,Programming
42225,wordpress_training,Wordpress,Wordpress
42239,wordpress_workshops,Wordpress,Wordpress
42253,wordpress_user_community,Wordpress,Wordpress
42267,wordpress_help,Wordpress,Wordpress
42281,wordpress_for_business,Wordpress,Wordpress
42295,wordpress_seo,Wordpress,Wordpress
42309,wordpress_small_business_web_sites,Wordpress,Wordpress
42323,wordpress_small_business_websites,Wordpress,Wordpress
42337,wordpress_customization,Wordpress,Wordpress
42351,wordpress_websites,Wordpress,Wordpress
42365,wordpress_theme_development,Wordpress,Wordpress
42379,learn_wordpress,Wordpress,Wordpress
42393,wordpress_users,Wordpress,Wordpress
42407,wordpress_developers,Wordpress,Wordpress
42421,digital_currency,Information Technology,Blockchain
42447,smart_property,Information Technology,Blockchain
42473,what_is_bitcoin,Information Technology,Blockchain
42499,decentralized_systems,Information Technology,Blockchain
42525,cryptoequity,Information Technology,Blockchain
42551,censorship_and_freedom_of_speech,Information Technology,Blockchain
42577,software_freedom,Information Technology,Blockchain
42603,cryptocurrency,Information Technology,Blockchain
42629,test_mug,Information Technology,Blockchain
42655,electronic_privacy,Information Technology,Blockchain
42681,ethereum,Information Technology,Blockchain
42707,banking,Information Technology,Blockchain
42733,smart_contracts,Information Technology,Blockchain
42759,fintech,Information Technology,Blockchain
42785,financial_technology,Information Technology,Blockchain
42811,virtual_currency,Information Technology,Blockchain
42837,copyright,Information Technology,Blockchain
42863,cryptography,Information Technology,Blockchain
42889,decentralization,Information Technology,Blockchain
42915,net_neutrality,Information Technology,Blockchain
42941,personal_privacy_issues,Information Technology,Blockchain
42967,crypto-capitalism,Information Technology,Blockchain
42993,digital_rights,Information Technology,Blockchain
43019,internet_privacy,Information Technology,Blockchain
43045,bitcoin,Information Technology,Blockchain
43071,financial_innovation,Information Technology,Blockchain
43097,blockchain,Information Technology,Blockchain
43123,payments,Information Technology,Blockchain
43149,crypto-anarchy,Information Technology,Blockchain
43175,politics,Information Technology,Blockchain
43201,money,Information Technology,Blockchain
43227,finance_professionals,Information Technology,Blockchain
43253,internet_censorship,Information Technology,Blockchain
43279,bitcoin_miners,Information Technology,Blockchain
43305,new_technology,Programming,"Website Development (ruby, java)"
43341,undergraduates,Programming,"Website Development (ruby, java)"
43377,.net_development,Programming,"Website Development (ruby, java)"
43413,technology,Programming,"Website Development (ruby, java)"
43449,personal_development,Programming,"Website Development (ruby, java)"
43485,job_search,Programming,"Website Development (ruby, java)"
43521,rails,Programming,"Website Development (ruby, java)"
43557,java,Programming,"Website Development (ruby, java)"
43593,web_development,Programming,"Website Development (ruby, java)"
43629,international_development,Programming,"Website Development (ruby, java)"
43665,user_group,Programming,"Website Development (ruby, java)"
43701,google,Programming,"Website Development (ruby, java)"
43737,internet_professionals,Programming,"Website Development (ruby, java)"
43773,c#,Programming,"Website Development (ruby, java)"
43809,web_programming,Programming,"Website Development (ruby, java)"
43845,networking_for_job_seekers,Programming,"Website Development (ruby, java)"
43881,asp.net,Programming,"Website Development (ruby, java)"
43917,kids,Programming,"Website Development (ruby, java)"
43953,software_engineering,Programming,"Website Development (ruby, java)"
43989,.net,Programming,"Website Development (ruby, java)"
44025,.net_developers,Programming,"Website Development (ruby, java)"
44061,wwc,Programming,"Website Development (ruby, java)"
44097,career,Programming,"Website Development (ruby, java)"
44133,career_network,Programming,"Website Development (ruby, java)"
44169,silverlight,Programming,"Website Development (ruby, java)"
44205,apis,Programming,"Website Development (ruby, java)"
44241,software_development,Programming,"Website Development (ruby, java)"
44277,web_technology,Programming,"Website Development (ruby, java)"
44313,xaml,Programming,"Website Development (ruby, java)"
44349,women_who_code,Programming,"Website Development (ruby, java)"
44385,c_/_c_+_+,Programming,"Website Development (ruby, java)"
44421,microsoft_.net_user_group,Programming,"Website Development (ruby, java)"
44457,web_design,Programming,"Website Development (ruby, java)"
44493,study_group,Programming,"Website Development (ruby, java)"
44529,open_source,Programming,"Website Development (ruby, java)"
44565,c#.net,Programming,"Website Development (ruby, java)"
44601,google_technology_user_group,Programming,"Website Development (ruby, java)"
44637,gdg,Programming,"Website Development (ruby, java)"
44673,windows_azure_platform,Programming,"Website Development (ruby, java)"
44709,contractors,Programming,"Website Development (ruby, java)"
44745,mentor,Programming,"Website Development (ruby, java)"
44781,london,Programming,"Website Development (ruby, java)"
44817,ruby_on_rails,Programming,"Website Development (ruby, java)"
44853,web_application_development,Programming,"Website Development (ruby, java)"
44889,asp.net_mvc,Programming,"Website Development (ruby, java)"
44925,ruby,Programming,"Website Development (ruby, java)"
44961,episerver,Programming,"Website Development (PHP, Drupal)"
45000,cms_(content_management_systems),Programming,"Website Development (PHP, Drupal)"
45039,web_content_management,Programming,"Website Development (PHP, Drupal)"
45078,cultural_heritage,Programming,"Website Development (PHP, Drupal)"
45117,sitecore_cms,Programming,"Website Development (PHP, Drupal)"
45156,website_optimization,Programming,"Website Development (PHP, Drupal)"
45195,drupal_theming,Programming,"Website Development (PHP, Drupal)"
45234,symfony,Programming,"Website Development (PHP, Drupal)"
45273,php,Programming,"Website Development (PHP, Drupal)"
45312,xslt,Programming,"Website Development (PHP, Drupal)"
45351,local_heritage,Programming,"Website Development (PHP, Drupal)"
45390,introduction_to_alfresco_cms,Programming,"Website Development (PHP, Drupal)"
45429,beginner_web_developer,Programming,"Website Development (PHP, Drupal)"
45468,drupal_8,Programming,"Website Development (PHP, Drupal)"
45507,drupal_community,Programming,"Website Development (PHP, Drupal)"
45546,document_management_systems,Programming,"Website Development (PHP, Drupal)"
45585,drupal_mastering,Programming,"Website Development (PHP, Drupal)"
45624,drupal,Programming,"Website Development (PHP, Drupal)"
45663,programming_with_html_css_php_mysql,Programming,"Website Development (PHP, Drupal)"
45702,local_history,Programming,"Website Development (PHP, Drupal)"
45741,drupal_security,Programming,"Website Development (PHP, Drupal)"
45780,lamp,Programming,"Website Development (PHP, Drupal)"
45819,php_application_development,Programming,"Website Development (PHP, Drupal)"
45858,craft_cms,Programming,"Website Development (PHP, Drupal)"
45897,symfony2,Programming,"Website Development (PHP, Drupal)"
45936,content_management_systems,Programming,"Website Development (PHP, Drupal)"
45975,government,Programming,"Website Development (PHP, Drupal)"
46014,enterprise_content_management_ecm,Programming,"Website Development (PHP, Drupal)"
46053,umbraco,Programming,"Website Development (PHP, Drupal)"
46092,php5,Programming,"Website Development (PHP, Drupal)"
46131,drupal_users,Programming,"Website Development (PHP, Drupal)"
46170,.net_content_management_systems,Programming,"Website Development (PHP, Drupal)"
46209,php_cms,Programming,"Website Development (PHP, Drupal)"
46248,php_html5_nginx_mongodb_linux,Programming,"Website Development (PHP, Drupal)"
46287,jobs,Programming,"Website Development (PHP, Drupal)"
46326,drupal_7,Programming,"Website Development (PHP, Drupal)"
46365,documentation,Programming,"Website Development (PHP, Drupal)"
46404,joomla,Programming,"Website Development (PHP, Drupal)"
46443,google_seo,Programming,"Website Development (PHP, Drupal)"
46482,drupal_designers,Programming,"Website Development (PHP, Drupal)"
46521,sitecore,Programming,"Website Development (PHP, Drupal)"
46560,drupal_websites,Programming,"Website Development (PHP, Drupal)"
46599,website_development,Programming,"Website Development (PHP, Drupal)"
46638,yii_framework,Programming,"Website Development (PHP, Drupal)"
46677,drupal_developers,Programming,"Website Development (PHP, Drupal)"
46716,web_performance,Programming,"Website Development (PHP, Drupal)"
46755,laravel,Programming,"Website Development (PHP, Drupal)"
46794,php_women,Programming,"Website Development (PHP, Drupal)"
46833,beginner_php_programming,Programming,"Website Development (PHP, Drupal)"
46872,twig,Programming,"Website Development (PHP, Drupal)"
46911,culture,Programming,"Website Development (PHP, Drupal)"
46950,drupal_modules,Programming,"Website Development (PHP, Drupal)"
46989,zend_framework,Programming,"Website Development (PHP, Drupal)"
47028,records_management,Programming,"Website Development (PHP, Drupal)"
47067,php_framework,Programming,"Website Development (PHP, Drupal)"
47106,learning_drupal,Programming,"Website Development (PHP, Drupal)"
47145,open_source_content_management,Programming,"Website Development (PHP, Drupal)"
47184,mysql,Programming,"Website Development (PHP, Drupal)"
47223,coldfusion,Programming,"Website Development (PHP, Drupal)"
47262,futurology,Design,3D - Design
47313,creative_problem_solving,Design,3D - Design
47364,reprap,Design,3D - Design
47415,creative_coding,Design,3D - Design
47466,cg_artists,Design,3D - Design
47517,urban_design,Design,3D - Design
47568,music_production,Design,3D - Design
47619,creativity,Design,3D - Design
47670,artists,Design,3D - Design
47721,autocad,Design,3D - Design
47772,motion_graphics,Design,3D - Design
47823,creative_circle,Design,3D - Design
47874,3d_printers,Design,3D - Design
47925,live_music,Design,3D - Design
47976,3d_artists,Design,3D - Design
48027,creative_thinking,Design,3D - Design
48078,sustainability,Design,3D - Design
48129,animation,Design,3D - Design
48180,3d_animation,Design,3D - Design
48231,mobile_payment,Design,3D - Design
48282,new_media_and_interactive_design,Design,3D - Design
48333,furniture_design,Design,3D - Design
48384,3d_scanning,Design,3D - Design
48435,workshop,Design,3D - Design
48486,crafts,Design,3D - Design
48537,storytelling,Design,3D - Design
48588,rapid_prototyping,Design,3D - Design
48639,fab_lab,Design,3D - Design
48690,rendering,Design,3D - Design
48741,print_design,Design,3D - Design
48792,multiplatform,Design,3D - Design
48843,game_night,Design,3D - Design
48894,computer_aided_design,Design,3D - Design
48945,3d_modeling,Design,3D - Design
48996,cad/cam,Design,3D - Design
49047,brand_design,Design,3D - Design
49098,vfx,Design,3D - Design
49149,fashion_design,Design,3D - Design
49200,solidworks,Design,3D - Design
49251,interactive_marketing,Design,3D - Design
49302,fun_times,Design,3D - Design
49353,visual_effects_cg_animation,Design,3D - Design
49404,multimedia_design,Design,3D - Design
49455,quantified_self,Design,3D - Design
49506,community,Design,3D - Design
49557,blender_3d,Design,3D - Design
49608,visual_effects,Design,3D - Design
49659,knitting,Design,3D - Design
49710,design_futures,Design,3D - Design
49761,performing_arts,Design,3D - Design
49812,theater,Design,3D - Design
49863,prototyping,Design,3D - Design
49914,3d,Design,3D - Design
49965,3d_projects,Design,3D - Design
50016,collaboration_between_creative_minds,Design,3D - Design
50067,3d_printing,Design,3D - Design
50118,creative_technologists,Design,3D - Design
50169,industrial_design,Design,3D - Design
50220,photography,Design,3D - Design
50271,music,Design,3D - Design
50322,healthcare_it,Information Technology,Healthcare - AI
50358,pharmaceutical_industry,Information Technology,Healthcare - AI
50394,multi-rotor_aircraft,Information Technology,Healthcare - AI
50430,simulations,Information Technology,Healthcare - AI
50466,medical_device_technology,Information Technology,Healthcare - AI
50502,deep_learning,Information Technology,Healthcare - AI
50538,healthcare_professionals,Information Technology,Healthcare - AI
50574,healthcare_startups,Information Technology,Healthcare - AI
50610,computational_biology,Information Technology,Healthcare - AI
50646,aerial_videography,Information Technology,Healthcare - AI
50682,business_process_automation,Information Technology,Healthcare - AI
50718,medical_devices,Information Technology,Healthcare - AI
50754,transhumanism,Information Technology,Healthcare - AI
50790,genetics,Information Technology,Healthcare - AI
50826,opencv,Information Technology,Healthcare - AI
50862,drone,Information Technology,Healthcare - AI
50898,rc_planes:_remote_controlled,Information Technology,Healthcare - AI
50934,synthetic_biology,Information Technology,Healthcare - AI
50970,social_media_for_social_change,Information Technology,Healthcare - AI
51006,mhealth,Information Technology,Healthcare - AI
51042,internet_business,Information Technology,Healthcare - AI
51078,unmanned_vehicles,Information Technology,Healthcare - AI
51114,uav,Information Technology,Healthcare - AI
51150,technological_singularity,Information Technology,Healthcare - AI
51186,mobile_health,Information Technology,Healthcare - AI
51222,drones,Information Technology,Healthcare - AI
51258,biotechnology,Information Technology,Healthcare - AI
51294,qsmap,Information Technology,Healthcare - AI
51330,public_health,Information Technology,Healthcare - AI
51366,healthcare_solutions,Information Technology,Healthcare - AI
51402,healthcare_innovation,Information Technology,Healthcare - AI
51438,aerial_photography,Information Technology,Healthcare - AI
51474,medical_technology,Information Technology,Healthcare - AI
51510,machine_vision,Information Technology,Healthcare - AI
51546,physician_entrepreneurship,Information Technology,Healthcare - AI
51582,civic_hacking,Information Technology,Healthcare - AI
51618,radio_control_flying,Information Technology,Healthcare - AI
51654,futurists,Information Technology,Healthcare - AI
51690,image_processing,Information Technology,Healthcare - AI
51726,health_2.0,Information Technology,Healthcare - AI
51762,fpv,Information Technology,Healthcare - AI
51798,machine_intelligence,Information Technology,Healthcare - AI
51834,computer_vision,Information Technology,Healthcare - AI
51870,artificial_general_intelligence,Information Technology,Healthcare - AI
51906,health_information_technology,Information Technology,Healthcare - AI
51942,biotech_&_medical,Information Technology,Healthcare - AI
51978,kanban,Business,Project Management
52022,scrum_master,Business,Project Management
52066,outsourcing_your_it,Business,Project Management
52110,pmp,Business,Project Management
52154,prince2,Business,Project Management
52198,agile_transformation,Business,Project Management
52242,pmp_certification,Business,Project Management
52286,agile_business_analysts,Business,Project Management
52330,software_project_management,Business,Project Management
52374,business_process_improvement,Business,Project Management
52418,scrum_in_real_world,Business,Project Management
52462,agile_leadership,Business,Project Management
52506,agile_coaching,Business,Project Management
52550,customer_development,Business,Project Management
52594,kanban_software_development,Business,Project Management
52638,enterprise_business_architecture,Business,Project Management
52682,agile_mindset,Business,Project Management
52726,lean_six_sigma,Business,Project Management
52770,explore:_agile_scrum_xp_lean_kanban,Business,Project Management
52814,large_scale_scrum,Business,Project Management
52858,digital_project_management,Business,Project Management
52902,lean,Business,Project Management
52946,agile_portfolio_management,Business,Project Management
52990,scrumban,Business,Project Management
53034,msp,Business,Project Management
53078,personal_kanban,Business,Project Management
53122,product_management_in_agile,Business,Project Management
53166,agile_and_scrum,Business,Project Management
53210,lean_project_management,Business,Project Management
53254,scaling_agile,Business,Project Management
53298,scrum_alliance,Business,Project Management
53342,application_lifecycle_management,Business,Project Management
53386,it_kanban,Business,Project Management
53430,project_management_professional,Business,Project Management
53474,scaled_agile_framework_(safe),Business,Project Management
53518,scrum_practices,Business,Project Management
53562,recruiting_and_hiring,Business,Project Management
53606,executive_coaching,Business,Project Management
53650,git,Business,Project Management
53694,product_lifecycle_management,Business,Project Management
53738,facilitation,Business,Project Management
53782,project_management_practices,Business,Project Management
53826,scrum_coaching,Business,Project Management
53870,project_management_tools,Business,Project Management
53914,scrum_development,Business,Project Management
53958,mobile_product_management,Business,Project Management
54002,agile_ux,Business,Project Management
54046,management,Business,Project Management
54090,change_leadership,Business,Project Management
54134,business_process_management,Business,Project Management
54178,visual_thinking,Business,Project Management
54222,project_management,Business,Project Management
54266,management_3.0,Business,Project Management
54310,project_management_methods,Business,Project Management
54354,ios_development,Programming,Mobile development
54405,windows_phone,Programming,Mobile development
54456,xcode_users,Programming,Mobile development
54507,mobile_advertising,Programming,Mobile development
54558,mobile_development,Programming,Mobile development
54609,developing_mobile_apps,Programming,Mobile development
54660,android_game_development,Programming,Mobile development
54711,google_chrome,Programming,Mobile development
54762,geographic_information_systems:_gis,Programming,Mobile development
54813,mobile_technology,Programming,Mobile development
54864,swift,Programming,Mobile development
54915,web_components,Programming,Mobile development
54966,indie_game_development,Programming,Mobile development
55017,beginner_ios_developers,Programming,Mobile development
55068,mobile_app_development,Programming,Mobile development
55119,android_app_architecture,Programming,Mobile development
55170,android_app_marketing,Programming,Mobile development
55221,mobile_developers,Programming,Mobile development
55272,xamarin,Programming,Mobile development
55323,app_development,Programming,Mobile development
55374,lua_programming,Programming,Mobile development
55425,android_sdk,Programming,Mobile development
55476,mobile_services,Programming,Mobile development
55527,google_maps,Programming,Mobile development
55578,google_tv,Programming,Mobile development
55629,android_development,Programming,Mobile development
55680,ios_game_development,Programming,Mobile development
55731,windows_8,Programming,Mobile development
55782,windows_8_metro_app_development,Programming,Mobile development
55833,iphone,Programming,Mobile development
55884,gis,Programming,Mobile development
55935,basics_of_iphone_app_development,Programming,Mobile development
55986,iphone_ipad_ios_developers,Programming,Mobile development
56037,corona_sdk,Programming,Mobile development
56088,google_polymer,Programming,Mobile development
56139,non_profit_organizations,Programming,Mobile development
56190,objective_c,Programming,Mobile development
56241,iphone_application_development,Programming,Mobile development
56292,adobe_air,Programming,Mobile development
56343,swift_language,Programming,Mobile development
56394,cocoa_programming_language,Programming,Mobile development
56445,cross_platform_development,Programming,Mobile development
56496,iphone_app_marketing,Programming,Mobile development
56547,mac,Programming,Mobile development
56598,android_enthusiasts,Programming,Mobile development
56649,educational_apps,Programming,Mobile development
56700,mac_development,Programming,Mobile development
56751,windows_mobile,Programming,Mobile development
56802,windows_phone_8_development,Programming,Mobile development
56853,games_development,Programming,Mobile development
56904,apple_mobile_device_application_development,Programming,Mobile development
56955,os_x_development,Programming,Mobile development
57006,mobile_app,Programming,Mobile development
57057,mobile_web,Programming,Mobile development
57108,mac_user_group,Programming,Mobile development
57159,windows_phone_developers,Programming,Mobile development
57210,apple,Programming,Mobile development
57261,ios,Programming,Mobile development
57312,ipad,Programming,Mobile development
57363,google_apps,Programming,Mobile development
57414,mobile_social,Programming,Mobile development
57465,android,Programming,Mobile development
57516,cross_mobile_development,Programming,Mobile development
57567,mobile_marketing,Programming,Mobile development
57618,gtug,Programming,Mobile development
57669,app_developers,Programming,Mobile development
57720,cross_platform_mobile_game_development,Programming,Mobile development
57771,google_web_toolkit_(gwt),Programming,Mobile development
57822,apps,Programming,Mobile development
57873,windows_8_development,Programming,Mobile development
57924,building_android_apps_with_appcelerator_titanium,Programming,Mobile development
57975,ios_platform,Programming,Mobile development
58026,mobile_design,Programming,Mobile development
58077,cocoa_touch,Programming,Mobile development
58128,android_development_training,Programming,Mobile development
58179,gamification,Information Technology,Data Science
58268,quantitative_finance,Information Technology,Data Science
58357,geospatial_technologies,Information Technology,Data Science
58446,kdb+,Information Technology,Data Science
58535,qlikview,Information Technology,Data Science
58624,data_warehouse,Information Technology,Data Science
58713,rdf,Information Technology,Data Science
58802,civic_engagement_&_technology,Information Technology,Data Science
58891,life_sciences,Information Technology,Data Science
58980,trading,Information Technology,Data Science
59069,ontology,Information Technology,Data Science
59158,open_data,Information Technology,Data Science
59247,spark,Information Technology,Data Science
59336,omniture,Information Technology,Data Science
59425,artificial_intelligence_programming,Information Technology,Data Science
59514,mathematical_modelling,Information Technology,Data Science
59603,business_intelligence_best_practices,Information Technology,Data Science
59692,business_intelligence_strategy,Information Technology,Data Science
59781,applied_statistics,Information Technology,Data Science
59870,bigdatadevelopers,Information Technology,Data Science
59959,artificial_intelligence_machine_learning_robotics,Information Technology,Data Science
60048,machine_learning,Information Technology,Data Science
60137,trends_and_forecasting,Information Technology,Data Science
60226,predictive_modeling,Information Technology,Data Science
60315,genomics,Information Technology,Data Science
60404,r_programming_language,Information Technology,Data Science
60493,d3,Information Technology,Data Science
60582,data,Information Technology,Data Science
60671,algorithmic_trading,Information Technology,Data Science
60760,speech_recognition,Information Technology,Data Science
60849,scientific_computing,Information Technology,Data Science
60938,newsql,Information Technology,Data Science
61027,big_data_analytics,Information Technology,Data Science
61116,owl,Information Technology,Data Science
61205,web_analytics,Information Technology,Data Science
61294,r_users_group,Information Technology,Data Science
61383,data_science,Information Technology,Data Science
61472,bioinformatics,Information Technology,Data Science
61561,data_governance,Information Technology,Data Science
61650,digital_health,Information Technology,Data Science
61739,data_visualization,Information Technology,Data Science
61828,geospatial,Information Technology,Data Science
61917,data_warehouses,Information Technology,Data Science
62006,social_crm,Information Technology,Data Science
62095,business_intelligence_tools_and_technology,Information Technology,Data Science
62184,data_integration,Information Technology,Data Science
62273,programming_in_r,Information Technology,Data Science
62362,pentaho,Information Technology,Data Science
62451,r_project_for_statistical_computing,Information Technology,Data Science
62540,talend,Information Technology,Data Science
62629,data_mining,Information Technology,Data Science
62718,bigdata,Information Technology,Data Science
62807,artificial_intelligence,Information Technology,Data Science
62896,mathematics,Information Technology,Data Science
62985,technology_and_crisis_response,Information Technology,Data Science
63074,julia,Information Technology,Data Science
63163,google_analytics,Information Technology,Data Science
63252,quants,Information Technology,Data Science
63341,predictive_analytics,Information Technology,Data Science
63430,algorithms,Information Technology,Data Science
63519,statistical_computing,Information Technology,Data Science
63608,belief_networks,Information Technology,Data Science
63697,data_analysis,Information Technology,Data Science
63786,apache_hadoop,Information Technology,Data Science
63875,text_analytics,Information Technology,Data Science
63964,webtrends,Information Technology,Data Science
64053,avinash_kaushik,Information Technology,Data Science
64142,analytics,Information Technology,Data Science
64231,kx,Information Technology,Data Science
64320,master_data_management,Information Technology,Data Science
64409,information_visualization,Information Technology,Data Science
64498,a/b_testing,Information Technology,Data Science
64587,spatial_data,Information Technology,Data Science
64676,web_mapping,Information Technology,Data Science
64765,statistics_and_data_analysis,Information Technology,Data Science
64854,applied_math,Information Technology,Data Science
64943,"s_new_with_big_data?"",_",Information Technology,Data Science
65032,statistical_modeling,Information Technology,Data Science
65121,visualization,Information Technology,Data Science
65210,open_government,Information Technology,Data Science
65299,business_analytics,Information Technology,Data Science
65388,reporting,Information Technology,Data Science
65477,probabilistic_graphical_models,Information Technology,Data Science
65566,to_promote_r_for_big_data_analytics,Information Technology,Data Science
65655,data_architecture,Information Technology,Data Science
65744,neural_networks,Information Technology,Data Science
65833,business_intelligence,Information Technology,Data Science
65922,linked_data,Information Technology,Data Science
66011,data_analytics,Information Technology,Data Science
66100,introduction_to_functional_programming_in_r,Information Technology,Data Science
66189,semantic_technologies,Information Technology,Data Science
66278,distributed_computing,Information Technology,Data Science
66367,computational_science_and_engineering,Information Technology,Data Science
66456,text_mining,Information Technology,Data Science
66545,couchbase,Information Technology,Data Science
66634,big_data,Information Technology,Data Science
66723,quantitative_analysis,Information Technology,Data Science
66812,natural_language_processing,Information Technology,Data Science
66901,finance,Information Technology,Data Science
66990,math,Information Technology,Data Science
67079,semantic_web,Information Technology,Data Science
67168,leveraging_big_data,Information Technology,Data Science
67257,big_data_for_social_media,Information Technology,Data Science
67346,data_journalism,Information Technology,Data Science
67435,data_quality,Information Technology,Data Science
67524,infographics,Information Technology,Data Science
67613,business_intelligence_in_cloud,Information Technology,Data Science
67702,data_structures,Information Technology,Data Science
67791,data_management,Information Technology,Data Science
67880,business_intelligence_data_warehousing,Information Technology,Data Science
67969,tableau,Information Technology,Data Science
68058,social_media_analytics,Information Technology,Data Science
68147,artificial_intelligence_applications,Information Technology,Data Science
68236,data_analysis_and_modeling,Information Technology,Data Science
68325,crisismapping,Information Technology,Data Science
68414,bayesian_networks,Information Technology,Data Science
